source_file,frame_number,active_class_index,source_number_index,azimuth,elevation,distance
fold3_room12_mix001.csv,33,0,1,-169,-11,156
fold3_room12_mix001.csv,53,0,1,-170,-11,154
fold3_room12_mix001.csv,64,0,1,-170,-11,155
fold3_room12_mix001.csv,75,0,1,-170,-11,154
fold3_room12_mix001.csv,131,0,1,-170,-11,154
fold3_room12_mix001.csv,151,0,1,-170,-11,155
fold3_room12_mix001.csv,162,0,1,-170,-11,155
fold3_room12_mix001.csv,165,0,1,-170,-11,155
fold3_room12_mix001.csv,183,0,1,-170,-11,155
fold3_room12_mix001.csv,208,0,1,-170,-11,153
fold3_room12_mix001.csv,256,0,1,-170,-11,155
fold3_room12_mix001.csv,260,0,1,-170,-11,155
fold3_room12_mix001.csv,285,0,1,-170,-11,155
fold3_room12_mix001.csv,313,0,1,-170,-11,155
fold3_room12_mix001.csv,325,0,1,-170,-11,155
fold3_room12_mix001.csv,341,0,1,-169,-11,155
fold3_room12_mix001.csv,350,0,1,-170,-11,155
fold3_room12_mix001.csv,354,0,1,-170,-11,155
fold3_room12_mix001.csv,395,0,1,-170,-11,154
fold3_room12_mix001.csv,408,0,1,-170,-11,155
fold3_room12_mix001.csv,417,0,1,-170,-11,155
fold3_room12_mix001.csv,424,0,1,-170,-11,155
fold3_room12_mix001.csv,435,0,1,-170,-11,155
fold3_room12_mix001.csv,461,0,1,-170,-11,155
fold3_room12_mix001.csv,562,0,1,-170,-11,155
fold3_room12_mix001.csv,579,0,1,-170,-11,155
fold3_room12_mix001.csv,604,0,1,-170,-11,155
fold3_room12_mix001.csv,619,0,1,-170,-11,155
fold3_room12_mix001.csv,744,0,1,-170,-11,155
fold3_room12_mix001.csv,773,0,1,-170,-11,155
fold3_room12_mix001.csv,812,0,1,-170,-11,155
fold3_room12_mix001.csv,826,0,1,-170,-11,155
fold3_room12_mix001.csv,834,0,1,-170,-11,155
fold3_room12_mix001.csv,836,0,1,-170,-11,155
fold3_room12_mix001.csv,926,0,1,-170,-11,155
fold3_room12_mix001.csv,928,0,1,-170,-11,155
fold3_room12_mix001.csv,1059,0,1,-170,-11,155
fold3_room12_mix001.csv,1061,0,1,-170,-11,155
fold3_room12_mix001.csv,1070,0,1,-170,-11,155
fold3_room12_mix001.csv,1082,0,1,-170,-11,155
fold3_room12_mix001.csv,1091,0,1,-170,-11,154
fold3_room12_mix001.csv,1129,0,1,-170,-11,154
fold3_room12_mix001.csv,1136,0,1,-170,-11,155
fold3_room12_mix001.csv,1184,0,1,-170,-11,155
fold3_room12_mix001.csv,1193,0,1,-170,-11,154
fold3_room12_mix001.csv,1212,0,1,-170,-11,152
fold3_room12_mix001.csv,1228,0,1,-170,-11,155
fold3_room12_mix001.csv,1230,0,1,-170,-11,154
fold3_room12_mix001.csv,1281,0,1,-170,-11,154
fold3_room12_mix001.csv,1288,0,1,-171,-11,154
fold3_room12_mix001.csv,1301,0,1,-170,-11,155
fold3_room12_mix001.csv,1317,0,1,-171,-11,154
fold3_room12_mix001.csv,1321,0,1,-171,-11,154
fold3_room12_mix001.csv,1329,0,1,-170,-11,154
fold3_room12_mix001.csv,1405,0,1,-171,-11,155
fold3_room12_mix001.csv,1416,0,1,-171,-11,155
fold3_room12_mix001.csv,1446,0,1,-170,-11,154
fold3_room12_mix001.csv,1453,0,1,-170,-11,154
fold3_room12_mix001.csv,1459,0,1,-170,-11,155
fold3_room12_mix001.csv,1473,0,1,-170,-12,155
fold3_room12_mix001.csv,1491,0,1,-170,-11,155
fold3_room12_mix001.csv,1531,0,1,-170,-11,154
fold3_room12_mix001.csv,1536,0,2,121,-11,149
fold3_room12_mix001.csv,1544,0,2,121,-11,149
fold3_room12_mix001.csv,1554,0,1,-170,-11,155
fold3_room12_mix001.csv,1575,0,1,-170,-11,154
fold3_room12_mix001.csv,1729,0,1,-170,-11,155
fold3_room12_mix001.csv,1738,0,1,-171,-11,155
fold3_room12_mix001.csv,1745,0,1,-171,-12,155
fold3_room12_mix001.csv,1755,0,1,-169,-12,154
fold3_room12_mix001.csv,1840,0,1,-170,-11,155
fold3_room12_mix001.csv,1866,0,1,-170,-11,155
fold3_room12_mix001.csv,1875,0,1,-170,-11,155
fold3_room12_mix001.csv,1970,0,1,-170,-12,155
fold3_room12_mix001.csv,2062,0,1,-170,-11,155
fold3_room12_mix001.csv,2064,0,1,-170,-11,155
fold3_room12_mix001.csv,2126,0,1,-170,-11,155
fold3_room12_mix001.csv,2180,0,1,-170,-12,155
fold3_room12_mix001.csv,2190,0,1,-170,-12,155
fold3_room12_mix001.csv,2228,0,1,-170,-12,155
fold3_room12_mix001.csv,2237,0,1,-170,-12,155
fold3_room12_mix001.csv,2297,0,1,-170,-12,155
fold3_room12_mix001.csv,2320,0,1,-171,-11,155
fold3_room12_mix001.csv,2402,0,1,-170,-12,155
fold3_room12_mix001.csv,2415,0,1,-170,-12,155
fold3_room12_mix001.csv,2422,0,1,-170,-12,155
fold3_room12_mix001.csv,2482,0,1,-170,-11,155
fold3_room12_mix001.csv,2498,0,1,-170,-12,155
fold3_room12_mix001.csv,2514,0,1,-170,-11,155
fold3_room12_mix001.csv,2523,0,1,-170,-11,155
fold3_room12_mix002.csv,31,0,1,168,-12,150
fold3_room12_mix002.csv,40,0,1,169,-12,150
fold3_room12_mix002.csv,210,0,1,169,-11,150
fold3_room12_mix002.csv,318,0,1,169,-11,150
fold3_room12_mix002.csv,329,0,1,169,-12,150
fold3_room12_mix002.csv,333,0,1,169,-11,150
fold3_room12_mix002.csv,340,0,1,169,-11,149
fold3_room12_mix002.csv,412,0,1,169,-11,150
fold3_room12_mix002.csv,420,0,1,170,-11,151
fold3_room12_mix002.csv,451,0,1,169,-12,150
fold3_room12_mix002.csv,458,0,1,169,-12,150
fold3_room12_mix002.csv,471,0,1,169,-12,150
fold3_room12_mix002.csv,479,0,1,169,-12,150
fold3_room12_mix002.csv,496,0,1,170,-11,150
fold3_room12_mix002.csv,504,0,1,170,-11,148
fold3_room12_mix002.csv,509,0,1,169,-11,149
fold3_room12_mix002.csv,520,0,1,170,-11,150
fold3_room12_mix002.csv,537,0,1,170,-11,149
fold3_room12_mix002.csv,567,0,1,169,-11,149
fold3_room12_mix002.csv,574,0,1,169,-11,149
fold3_room12_mix002.csv,594,0,1,170,-12,144
fold3_room12_mix002.csv,647,0,1,170,-11,148
fold3_room12_mix002.csv,681,0,1,170,-12,150
fold3_room12_mix002.csv,685,0,1,170,-11,150
fold3_room12_mix002.csv,723,0,1,170,-12,150
fold3_room12_mix002.csv,731,0,1,169,-12,150
fold3_room12_mix002.csv,756,0,1,169,-12,150
fold3_room12_mix002.csv,761,0,1,170,-11,150
fold3_room12_mix002.csv,782,0,1,169,-12,149
fold3_room12_mix002.csv,791,0,1,169,-12,149
fold3_room12_mix002.csv,809,0,1,170,-12,150
fold3_room12_mix002.csv,815,0,1,170,-12,149
fold3_room12_mix002.csv,818,0,1,169,-12,149
fold3_room12_mix002.csv,827,0,1,169,-12,149
fold3_room12_mix002.csv,844,0,1,170,-11,149
fold3_room12_mix002.csv,848,0,1,170,-11,150
fold3_room12_mix002.csv,854,0,1,169,-11,149
fold3_room12_mix002.csv,897,0,1,169,-12,150
fold3_room12_mix002.csv,915,0,1,171,-11,149
fold3_room12_mix002.csv,920,0,1,170,-12,148
fold3_room12_mix002.csv,927,0,1,170,-10,151
fold3_room12_mix002.csv,962,0,1,170,-12,150
fold3_room12_mix002.csv,969,0,1,170,-12,150
fold3_room12_mix002.csv,978,0,1,170,-12,150
fold3_room12_mix002.csv,982,0,1,170,-12,150
fold3_room12_mix002.csv,995,0,1,170,-12,150
fold3_room12_mix002.csv,1012,0,1,170,-12,150
fold3_room12_mix002.csv,1015,0,1,170,-12,150
fold3_room12_mix002.csv,1267,0,1,171,-11,150
fold3_room12_mix002.csv,1290,0,1,170,-11,149
fold3_room12_mix002.csv,1329,0,1,170,-11,151
fold3_room12_mix002.csv,1333,0,1,170,-12,151
fold3_room12_mix002.csv,1338,0,1,170,-11,150
fold3_room12_mix002.csv,1345,0,1,170,-11,150
fold3_room12_mix002.csv,1403,0,1,171,-11,149
fold3_room12_mix002.csv,1416,0,1,170,-11,150
fold3_room12_mix002.csv,1424,0,1,170,-12,150
fold3_room12_mix002.csv,1438,0,1,170,-11,149
fold3_room12_mix002.csv,1452,0,1,170,-11,150
fold3_room12_mix002.csv,1573,0,1,170,-11,150
fold3_room12_mix002.csv,1578,0,1,170,-11,150
fold3_room12_mix002.csv,1859,0,1,170,-11,150
fold3_room12_mix002.csv,1864,0,1,170,-11,151
fold3_room12_mix002.csv,1873,0,1,170,-11,151
fold3_room12_mix002.csv,1887,0,1,170,-11,151
fold3_room12_mix002.csv,2093,0,1,170,-11,151
fold3_room12_mix002.csv,2153,0,1,170,-12,151
fold3_room12_mix002.csv,2157,0,1,170,-12,151
fold3_room12_mix002.csv,2178,0,1,170,-12,149
fold3_room12_mix004.csv,2970,0,1,169,-17,105
fold3_room12_mix004.csv,2974,0,1,169,-17,105
fold3_room12_mix004.csv,2978,0,1,169,-18,105
fold3_room12_mix004.csv,3001,0,1,169,-17,104
fold3_room12_mix004.csv,3056,0,1,168,-19,104
fold3_room12_mix004.csv,3060,0,1,168,-18,104
fold3_room12_mix004.csv,3070,0,1,168,-18,104
fold3_room12_mix004.csv,3158,0,1,167,-19,104
fold3_room12_mix004.csv,3184,0,1,168,-19,106
fold3_room12_mix004.csv,3196,0,1,-179,-18,126
fold3_room12_mix004.csv,3271,0,1,162,-19,102
fold3_room12_mix004.csv,3307,0,1,164,-18,103
fold3_room12_mix004.csv,3331,0,1,165,-18,104
fold3_room12_mix004.csv,3335,0,1,164,-18,103
fold3_room12_mix006.csv,99,0,2,156,-14,124
fold3_room12_mix006.csv,108,0,2,155,-13,128
fold3_room12_mix006.csv,116,0,2,155,-12,132
fold3_room12_mix006.csv,178,0,2,154,-14,124
fold3_room12_mix006.csv,181,0,2,154,-14,125
fold3_room12_mix006.csv,187,0,2,158,-13,131
fold3_room12_mix006.csv,195,0,2,159,-14,134
fold3_room12_mix006.csv,206,0,2,158,-14,131
fold3_room12_mix006.csv,235,0,2,155,-14,126
fold3_room12_mix006.csv,241,0,1,-177,-15,139
fold3_room12_mix006.csv,244,0,1,-176,-15,139
fold3_room12_mix006.csv,254,0,1,-175,-15,139
fold3_room12_mix006.csv,272,0,1,-177,-15,139
fold3_room12_mix006.csv,283,0,1,-176,-14,139
fold3_room12_mix006.csv,333,0,1,-177,-15,140
fold3_room12_mix006.csv,335,0,2,158,-14,132
fold3_room12_mix006.csv,348,0,2,157,-15,134
fold3_room12_mix006.csv,358,0,1,-176,-15,140
fold3_room12_mix006.csv,361,0,1,-177,-15,139
fold3_room12_mix006.csv,364,0,1,-177,-15,140
fold3_room12_mix006.csv,460,0,2,154,-14,122
fold3_room12_mix006.csv,462,0,2,154,-14,124
fold3_room12_mix006.csv,496,0,2,155,-14,124
fold3_room12_mix006.csv,501,0,2,155,-14,127
fold3_room12_mix006.csv,506,0,2,155,-14,127
fold3_room12_mix006.csv,518,0,2,153,-15,127
fold3_room12_mix006.csv,532,0,2,156,-14,129
fold3_room12_mix006.csv,548,0,2,157,-15,131
fold3_room12_mix006.csv,553,0,1,-177,-15,140
fold3_room12_mix006.csv,556,0,1,-177,-15,140
fold3_room12_mix006.csv,558,0,2,154,-14,125
fold3_room12_mix006.csv,561,0,2,155,-14,125
fold3_room12_mix006.csv,571,0,2,155,-13,128
fold3_room12_mix006.csv,583,0,2,155,-14,128
fold3_room12_mix006.csv,602,0,2,155,-15,127
fold3_room12_mix006.csv,620,0,2,157,-15,129
fold3_room12_mix006.csv,636,0,2,156,-13,128
fold3_room12_mix006.csv,637,0,2,155,-13,127
fold3_room12_mix006.csv,648,0,2,156,-13,127
fold3_room12_mix006.csv,719,0,2,156,-12,138
fold3_room12_mix006.csv,736,0,2,156,-14,131
fold3_room12_mix006.csv,738,0,2,155,-14,128
fold3_room12_mix006.csv,749,0,1,-176,-15,140
fold3_room12_mix006.csv,753,0,1,-176,-15,140
fold3_room12_mix006.csv,759,0,2,158,-13,133
fold3_room12_mix006.csv,767,0,2,158,-13,132
fold3_room12_mix006.csv,803,0,2,154,-14,125
fold3_room12_mix006.csv,806,0,2,154,-14,127
fold3_room12_mix006.csv,880,0,2,153,-12,127
fold3_room12_mix006.csv,881,0,2,153,-12,127
fold3_room12_mix006.csv,896,0,1,-177,-15,140
fold3_room12_mix006.csv,902,0,2,157,-13,132
fold3_room12_mix006.csv,928,0,2,157,-15,133
fold3_room12_mix006.csv,934,0,1,-177,-15,140
fold3_room12_mix006.csv,938,0,1,-176,-15,140
fold3_room12_mix006.csv,944,0,2,156,-14,133
fold3_room12_mix006.csv,947,0,2,156,-14,133
fold3_room12_mix006.csv,952,0,1,-176,-15,140
fold3_room12_mix006.csv,953,0,1,-176,-15,140
fold3_room12_mix006.csv,958,0,2,154,-14,129
fold3_room12_mix006.csv,968,0,2,153,-14,129
fold3_room12_mix006.csv,998,0,2,154,-12,137
fold3_room12_mix006.csv,1020,0,1,180,-16,130
fold3_room12_mix006.csv,1025,0,1,-177,-14,138
fold3_room12_mix006.csv,1036,0,1,-178,-15,140
fold3_room12_mix006.csv,1039,0,2,157,-14,137
fold3_room12_mix006.csv,1064,0,2,157,-14,138
fold3_room12_mix006.csv,1069,0,1,-178,-15,140
fold3_room12_mix006.csv,1099,0,1,-178,-14,140
fold3_room12_mix006.csv,1104,0,2,157,-13,137
fold3_room12_mix006.csv,1106,0,2,156,-14,137
fold3_room12_mix006.csv,1115,0,1,-178,-15,140
fold3_room12_mix006.csv,1121,0,1,-178,-15,141
fold3_room12_mix006.csv,1131,0,1,-179,-14,141
fold3_room12_mix006.csv,1152,0,1,-178,-15,141
fold3_room12_mix006.csv,1161,0,1,-178,-14,141
fold3_room12_mix006.csv,1191,0,1,-177,-15,140
fold3_room12_mix006.csv,1198,0,1,-176,-16,141
fold3_room12_mix006.csv,1240,0,1,-179,-14,141
fold3_room12_mix006.csv,1242,0,2,153,-12,155
fold3_room12_mix006.csv,1244,0,2,153,-12,155
fold3_room12_mix006.csv,1246,0,1,-178,-14,141
fold3_room12_mix006.csv,1297,0,1,-178,-15,142
fold3_room12_mix006.csv,1300,0,2,154,-10,156
fold3_room12_mix006.csv,1305,0,2,154,-11,156
fold3_room12_mix006.csv,1313,0,1,-178,-14,142
fold3_room12_mix006.csv,1358,0,1,-178,-14,142
fold3_room12_mix006.csv,1370,0,1,-178,-14,142
fold3_room12_mix006.csv,1373,0,1,-178,-14,142
fold3_room12_mix006.csv,1382,0,2,152,-11,154
fold3_room12_mix006.csv,1443,0,2,154,-12,148
fold3_room12_mix006.csv,1452,0,1,-178,-14,142
fold3_room12_mix006.csv,1462,0,1,-178,-14,142
fold3_room12_mix006.csv,1466,0,1,-178,-14,142
fold3_room12_mix006.csv,1471,0,2,156,-12,150
fold3_room12_mix006.csv,1501,0,2,152,-12,145
fold3_room12_mix006.csv,1510,0,1,-176,-14,139
fold3_room12_mix006.csv,1518,0,1,-176,-14,139
fold3_room12_mix006.csv,1521,0,1,-176,-14,140
fold3_room12_mix006.csv,1527,0,1,-177,-14,140
fold3_room12_mix007.csv,137,0,1,4,-1,302
fold3_room12_mix007.csv,139,0,1,5,-1,286
fold3_room12_mix007.csv,228,0,2,124,-19,104
fold3_room12_mix007.csv,231,0,2,125,-21,102
fold3_room12_mix007.csv,298,0,1,-115,-17,120
fold3_room12_mix007.csv,313,0,1,-116,-16,121
fold3_room12_mix007.csv,356,0,2,126,-17,104
fold3_room12_mix007.csv,371,0,2,126,-17,104
fold3_room12_mix007.csv,375,0,1,-120,-17,120
fold3_room12_mix007.csv,377,0,1,-121,-17,120
fold3_room12_mix007.csv,380,0,1,-120,-17,120
fold3_room12_mix007.csv,382,0,1,-120,-17,120
fold3_room12_mix007.csv,386,0,2,123,-17,104
fold3_room12_mix007.csv,389,0,2,125,-17,105
fold3_room12_mix007.csv,397,0,2,128,-18,105
fold3_room12_mix007.csv,417,0,2,128,-21,103
fold3_room12_mix007.csv,444,0,2,125,-22,103
fold3_room12_mix007.csv,447,0,2,125,-23,103
fold3_room12_mix007.csv,454,0,1,-120,-16,120
fold3_room12_mix007.csv,471,0,1,-119,-17,120
fold3_room12_mix007.csv,473,0,2,130,-22,104
fold3_room12_mix007.csv,478,0,2,130,-22,105
fold3_room12_mix007.csv,481,0,1,-119,-17,121
fold3_room12_mix007.csv,484,0,1,-119,-17,121
fold3_room12_mix007.csv,491,0,2,127,-18,102
fold3_room12_mix007.csv,537,0,2,126,-16,107
fold3_room12_mix007.csv,540,0,2,126,-17,105
fold3_room12_mix007.csv,548,0,2,126,-17,105
fold3_room12_mix007.csv,576,0,2,125,-18,104
fold3_room12_mix007.csv,593,0,2,123,-19,105
fold3_room12_mix007.csv,595,0,2,123,-19,105
fold3_room12_mix007.csv,632,0,2,122,-18,103
fold3_room12_mix007.csv,635,0,2,123,-19,103
fold3_room12_mix007.csv,755,0,2,122,-17,101
fold3_room12_mix007.csv,759,0,2,121,-18,102
fold3_room12_mix007.csv,770,0,2,121,-19,104
fold3_room12_mix007.csv,775,0,2,121,-19,104
fold3_room12_mix007.csv,778,0,2,121,-19,104
fold3_room12_mix007.csv,783,0,2,121,-19,104
fold3_room12_mix007.csv,787,0,2,122,-19,103
fold3_room12_mix007.csv,794,0,1,-119,-17,121
fold3_room12_mix007.csv,797,0,1,-119,-17,121
fold3_room12_mix007.csv,809,0,1,-119,-17,121
fold3_room12_mix007.csv,813,0,2,127,-18,103
fold3_room12_mix007.csv,817,0,2,127,-18,104
fold3_room12_mix007.csv,823,0,2,127,-18,103
fold3_room12_mix007.csv,830,0,2,126,-20,103
fold3_room12_mix007.csv,854,0,2,124,-18,103
fold3_room12_mix007.csv,875,0,2,123,-19,103
fold3_room12_mix007.csv,895,0,1,-120,-17,121
fold3_room12_mix007.csv,936,0,1,-119,-18,119
fold3_room12_mix007.csv,951,0,1,-120,-17,120
fold3_room12_mix007.csv,956,0,1,-120,-17,120
fold3_room12_mix007.csv,958,0,2,126,-17,105
fold3_room12_mix007.csv,968,0,2,126,-18,108
fold3_room12_mix007.csv,975,0,2,125,-18,107
fold3_room12_mix007.csv,1041,0,2,126,-15,110
fold3_room12_mix007.csv,1047,0,2,122,-15,109
fold3_room12_mix007.csv,1055,0,2,125,-15,108
fold3_room12_mix007.csv,1088,0,2,122,-17,103
fold3_room12_mix007.csv,1096,0,2,123,-17,103
fold3_room12_mix007.csv,1101,0,2,124,-17,104
fold3_room12_mix007.csv,1122,0,2,122,-14,109
fold3_room12_mix007.csv,1135,0,2,120,-12,129
fold3_room12_mix007.csv,1152,0,2,124,-16,107
fold3_room12_mix007.csv,1192,0,2,126,-16,105
fold3_room12_mix007.csv,1210,0,2,121,-16,108
fold3_room12_mix007.csv,1216,0,1,-128,-22,88
fold3_room12_mix007.csv,1233,0,1,-127,-23,90
fold3_room12_mix007.csv,1243,0,1,-129,-22,90
fold3_room12_mix007.csv,1307,0,1,-129,-22,91
fold3_room12_mix007.csv,1318,0,2,123,-17,105
fold3_room12_mix007.csv,1330,0,2,126,-18,107
fold3_room12_mix007.csv,1467,0,2,119,-19,105
fold3_room12_mix007.csv,1469,0,2,119,-19,104
fold3_room12_mix007.csv,1481,0,2,124,-19,104
fold3_room12_mix007.csv,1484,0,2,124,-19,104
fold3_room12_mix007.csv,1489,0,1,-117,-17,115
fold3_room12_mix007.csv,1494,0,1,-117,-17,115
fold3_room12_mix007.csv,1504,0,2,122,-18,103
fold3_room12_mix007.csv,1521,0,2,121,-19,105
fold3_room12_mix007.csv,1547,0,2,122,-19,105
fold3_room12_mix007.csv,1552,0,2,124,-19,107
fold3_room12_mix007.csv,1560,0,2,124,-19,106
fold3_room12_mix007.csv,1568,0,2,124,-20,107
fold3_room12_mix007.csv,1570,0,2,124,-20,107
fold3_room12_mix007.csv,1572,0,2,124,-22,110
fold3_room12_mix007.csv,1587,0,1,-120,-19,108
fold3_room12_mix007.csv,1594,0,1,-118,-18,114
fold3_room12_mix007.csv,1603,0,2,123,-16,113
fold3_room12_mix007.csv,1609,0,2,124,-17,110
fold3_room12_mix007.csv,1633,0,1,-117,-18,114
fold3_room12_mix007.csv,1635,0,1,-117,-18,114
fold3_room12_mix007.csv,2082,0,1,-130,-22,91
fold3_room12_mix007.csv,2086,0,1,-130,-22,91
fold3_room12_mix007.csv,2097,0,1,-130,-23,91
fold3_room12_mix007.csv,2111,0,1,-129,-22,91
fold3_room12_mix007.csv,2115,0,2,127,-17,109
fold3_room12_mix007.csv,2132,0,2,125,-19,106
fold3_room12_mix007.csv,2233,0,2,123,-16,107
fold3_room12_mix007.csv,2235,0,2,123,-17,108
fold3_room12_mix007.csv,2382,0,1,-133,-22,87
fold3_room12_mix007.csv,2393,0,1,-134,-23,88
fold3_room12_mix007.csv,2402,0,2,120,-16,113
fold3_room12_mix007.csv,2407,0,2,123,-16,109
fold3_room12_mix007.csv,2436,0,1,-125,-20,94
fold3_room12_mix007.csv,2439,0,1,-129,-21,90
fold3_room12_mix007.csv,2450,0,2,127,-16,106
fold3_room12_mix007.csv,2451,0,2,127,-17,106
fold3_room12_mix008.csv,1977,0,2,-160,-18,116
fold3_room12_mix008.csv,1982,0,2,-156,-18,117
fold3_room12_mix008.csv,1985,0,1,120,-18,123
fold3_room12_mix008.csv,1991,0,1,119,-17,123
fold3_room12_mix008.csv,2014,0,2,-161,-17,114
fold3_room12_mix008.csv,2016,0,2,-160,-16,114
fold3_room12_mix008.csv,2027,0,1,118,-17,124
fold3_room12_mix008.csv,2033,0,1,114,-18,120
fold3_room12_mix008.csv,2053,0,1,116,-18,121
fold3_room12_mix008.csv,2093,0,2,-167,-18,118
fold3_room12_mix008.csv,2096,0,1,116,-18,129
fold3_room12_mix008.csv,2125,0,2,-162,-18,117
fold3_room12_mix008.csv,2131,0,2,-165,-19,119
fold3_room12_mix008.csv,2134,0,2,-165,-19,119
fold3_room12_mix008.csv,2137,0,1,116,-18,128
fold3_room12_mix008.csv,2142,0,1,116,-17,128
fold3_room12_mix008.csv,2146,0,2,-160,-16,116
fold3_room12_mix008.csv,2166,0,2,-160,-17,116
fold3_room12_mix008.csv,2177,0,2,-160,-17,116
fold3_room12_mix008.csv,2192,0,2,-160,-16,115
fold3_room12_mix008.csv,2208,0,1,115,-17,128
fold3_room12_mix008.csv,2209,0,1,115,-17,128
fold3_room12_mix008.csv,2213,0,2,-161,-17,116
fold3_room12_mix008.csv,2219,0,2,-162,-17,116
fold3_room12_mix008.csv,2224,0,1,116,-17,128
fold3_room12_mix008.csv,2227,0,1,116,-17,129
fold3_room12_mix008.csv,2233,0,2,-161,-17,116
fold3_room12_mix008.csv,2280,0,2,-161,-18,119
fold3_room12_mix008.csv,2291,0,2,-160,-17,122
fold3_room12_mix008.csv,2305,0,2,-160,-17,123
fold3_room12_mix008.csv,2307,0,1,115,-17,130
fold3_room12_mix008.csv,2309,0,1,116,-17,129
fold3_room12_mix008.csv,2317,0,2,-162,-16,123
fold3_room12_mix008.csv,2329,0,2,-160,-15,120
fold3_room12_mix008.csv,2334,0,1,118,-16,133
fold3_room12_mix008.csv,2337,0,1,120,-16,127
fold3_room12_mix008.csv,2341,0,2,-161,-13,125
fold3_room12_mix008.csv,2369,0,2,-161,-15,125
fold3_room12_mix008.csv,2401,0,2,-162,-17,122
fold3_room12_mix008.csv,2403,0,2,-162,-16,120
fold3_room12_mix008.csv,2410,0,2,-161,-15,119
fold3_room12_mix008.csv,2417,0,2,-161,-15,120
fold3_room12_mix008.csv,2426,0,2,-161,-15,120
fold3_room12_mix008.csv,2433,0,2,-162,-16,120
fold3_room13_mix001.csv,28,0,1,1,-6,237
fold3_room13_mix001.csv,53,0,1,1,-6,237
fold3_room13_mix001.csv,126,0,2,-66,-14,121
fold3_room13_mix001.csv,138,0,2,-66,-14,122
fold3_room13_mix001.csv,156,0,2,-66,-14,123
fold3_room13_mix001.csv,205,0,2,-66,-14,122
fold3_room13_mix001.csv,207,0,2,-66,-14,122
fold3_room13_mix001.csv,245,0,2,-66,-14,122
fold3_room13_mix001.csv,246,0,2,-66,-14,122
fold3_room13_mix001.csv,279,0,2,-66,-14,122
fold3_room13_mix001.csv,298,0,2,-66,-14,123
fold3_room13_mix001.csv,335,0,2,-66,-14,123
fold3_room13_mix001.csv,337,0,2,-66,-14,123
fold3_room13_mix001.csv,349,0,2,-66,-14,122
fold3_room13_mix001.csv,369,0,2,-66,-14,122
fold3_room13_mix001.csv,378,0,2,-66,-14,122
fold3_room13_mix001.csv,406,0,2,-66,-13,123
fold3_room13_mix001.csv,418,0,2,-66,-14,122
fold3_room13_mix001.csv,428,0,2,-66,-14,122
fold3_room13_mix001.csv,436,0,1,1,-6,238
fold3_room13_mix001.csv,443,0,1,2,-6,238
fold3_room13_mix001.csv,449,0,2,-66,-14,120
fold3_room13_mix001.csv,460,0,2,-66,-15,121
fold3_room13_mix001.csv,473,0,1,2,-6,238
fold3_room13_mix001.csv,488,0,1,2,-6,238
fold3_room13_mix001.csv,504,0,2,-67,-14,114
fold3_room13_mix001.csv,516,0,2,-66,-14,118
fold3_room13_mix001.csv,536,0,1,1,-6,238
fold3_room13_mix001.csv,547,0,1,1,-6,239
fold3_room13_mix001.csv,550,0,1,1,-6,238
fold3_room13_mix001.csv,591,0,1,1,-6,238
fold3_room13_mix001.csv,625,0,2,-66,-14,120
fold3_room13_mix001.csv,633,0,2,-66,-14,120
fold3_room13_mix001.csv,643,0,1,1,-6,237
fold3_room13_mix001.csv,644,0,1,1,-6,236
fold3_room13_mix001.csv,649,0,2,-66,-15,121
fold3_room13_mix001.csv,658,0,2,-66,-14,120
fold3_room13_mix001.csv,669,0,2,-66,-14,120
fold3_room13_mix001.csv,679,0,2,-66,-15,120
fold3_room13_mix001.csv,681,0,1,2,-6,238
fold3_room13_mix001.csv,714,0,1,1,-5,225
fold3_room13_mix001.csv,725,0,1,2,-6,236
fold3_room13_mix001.csv,750,0,1,2,-6,237
fold3_room13_mix001.csv,767,0,1,2,-6,236
fold3_room13_mix001.csv,831,0,1,1,-6,237
fold3_room13_mix001.csv,873,0,1,1,-5,237
fold3_room13_mix001.csv,896,0,1,1,-6,237
fold3_room13_mix001.csv,934,0,1,1,-6,237
fold3_room13_mix001.csv,948,0,1,2,-6,238
fold3_room13_mix001.csv,967,0,2,-66,-14,121
fold3_room13_mix001.csv,980,0,2,-66,-14,124
fold3_room13_mix001.csv,1018,0,2,-66,-13,122
fold3_room13_mix001.csv,1028,0,2,-66,-14,119
fold3_room13_mix001.csv,1065,0,2,-66,-15,121
fold3_room13_mix001.csv,1070,0,2,-66,-15,123
fold3_room13_mix001.csv,1080,0,2,-66,-15,122
fold3_room13_mix001.csv,1093,0,2,-66,-14,123
fold3_room13_mix001.csv,1119,0,2,-66,-14,123
fold3_room13_mix001.csv,1137,0,2,-66,-15,122
fold3_room13_mix001.csv,1172,0,2,-66,-14,123
fold3_room13_mix001.csv,1179,0,2,-66,-14,123
fold3_room13_mix001.csv,1202,0,2,-66,-14,117
fold3_room13_mix001.csv,1246,0,2,-66,-13,118
fold3_room13_mix001.csv,1341,0,1,1,-6,238
fold3_room13_mix001.csv,1382,0,1,2,-6,237
fold3_room13_mix001.csv,1396,0,1,2,-6,238
fold3_room13_mix001.csv,1400,0,1,2,-5,239
fold3_room13_mix001.csv,1427,0,1,1,-6,237
fold3_room13_mix001.csv,1469,0,1,1,-6,238
fold3_room13_mix001.csv,1492,0,2,-65,-14,121
fold3_room13_mix001.csv,1535,0,2,-66,-14,122
fold3_room13_mix001.csv,1567,0,2,-66,-14,119
fold3_room13_mix001.csv,1609,0,2,-66,-14,117
fold3_room13_mix001.csv,1701,0,2,-66,-14,118
fold3_room13_mix001.csv,1782,0,2,-67,-15,117
fold3_room13_mix001.csv,1803,0,2,-66,-14,117
fold3_room13_mix001.csv,1836,0,2,-67,-14,115
fold3_room13_mix001.csv,1850,0,2,-66,-14,117
fold3_room13_mix001.csv,1869,0,2,-66,-14,123
fold3_room13_mix001.csv,1923,0,2,-66,-14,122
fold3_room13_mix001.csv,1935,0,2,-66,-15,124
fold3_room13_mix001.csv,1943,0,2,-66,-14,121
fold3_room13_mix001.csv,1954,0,2,-66,-14,119
fold3_room13_mix001.csv,1979,0,2,-66,-13,122
fold3_room13_mix001.csv,1982,0,2,-66,-14,123
fold3_room13_mix001.csv,1996,0,2,-66,-14,122
fold3_room13_mix001.csv,2019,0,2,-67,-12,117
fold3_room13_mix001.csv,2031,0,2,-65,-13,119
fold3_room13_mix001.csv,2046,0,2,-66,-15,122
fold3_room13_mix001.csv,2050,0,1,2,-6,237
fold3_room13_mix001.csv,2071,0,1,2,-6,237
fold3_room13_mix001.csv,2112,0,2,-66,-14,124
fold3_room13_mix001.csv,2167,0,2,-67,-14,116
fold3_room13_mix001.csv,2202,0,2,-66,-14,124
fold3_room13_mix001.csv,2237,0,2,-66,-13,118
fold3_room13_mix001.csv,2244,0,1,2,-6,237
fold3_room13_mix001.csv,2347,0,1,2,-6,237
fold3_room13_mix001.csv,2376,0,1,1,-6,237
fold3_room13_mix001.csv,2401,0,1,2,-6,238
fold3_room13_mix001.csv,2427,0,1,1,-6,237
fold3_room13_mix001.csv,2428,0,1,1,-6,237
fold3_room13_mix001.csv,2462,0,2,-66,-14,123
fold3_room13_mix001.csv,2481,0,2,-66,-14,123
fold3_room13_mix001.csv,2520,0,2,-66,-13,120
fold3_room13_mix001.csv,2531,0,2,-67,-14,115
fold3_room13_mix001.csv,2551,0,2,-66,-14,124
fold3_room13_mix001.csv,2554,0,2,-66,-14,124
fold3_room13_mix001.csv,2569,0,2,-66,-14,122
fold3_room13_mix001.csv,2581,0,2,-66,-13,120
fold3_room13_mix001.csv,2600,0,2,-66,-14,118
fold3_room13_mix001.csv,2607,0,2,-67,-14,117
fold3_room13_mix002.csv,25,0,2,4,-7,210
fold3_room13_mix002.csv,28,0,2,4,-7,209
fold3_room13_mix002.csv,36,0,2,4,-7,208
fold3_room13_mix002.csv,43,0,2,4,-7,208
fold3_room13_mix002.csv,56,0,2,5,-6,210
fold3_room13_mix002.csv,78,0,2,5,-7,211
fold3_room13_mix002.csv,153,0,2,5,-7,210
fold3_room13_mix002.csv,161,0,2,5,-7,212
fold3_room13_mix002.csv,261,0,2,4,-7,203
fold3_room13_mix002.csv,304,0,2,4,-7,211
fold3_room13_mix002.csv,328,0,2,4,-7,211
fold3_room13_mix002.csv,331,0,2,4,-7,211
fold3_room13_mix002.csv,338,0,2,3,-7,209
fold3_room13_mix002.csv,355,0,2,2,-7,208
fold3_room13_mix002.csv,362,0,1,-53,8,140
fold3_room13_mix002.csv,398,0,1,-53,9,141
fold3_room13_mix002.csv,414,0,2,3,-7,208
fold3_room13_mix002.csv,473,0,2,4,-7,216
fold3_room13_mix002.csv,485,0,2,5,-6,218
fold3_room13_mix002.csv,537,0,2,6,-8,211
fold3_room13_mix002.csv,569,0,2,4,-6,207
fold3_room13_mix002.csv,603,0,2,4,-6,208
fold3_room13_mix002.csv,646,0,2,5,-7,209
fold3_room13_mix002.csv,658,0,2,5,-6,210
fold3_room13_mix002.csv,662,0,1,-54,9,140
fold3_room13_mix002.csv,690,0,1,-53,10,142
fold3_room13_mix002.csv,699,0,1,-55,9,141
fold3_room13_mix002.csv,717,0,1,-55,9,140
fold3_room13_mix002.csv,721,0,1,-54,9,140
fold3_room13_mix002.csv,771,0,1,-54,9,139
fold3_room13_mix002.csv,779,0,2,2,-6,213
fold3_room13_mix002.csv,782,0,2,2,-6,212
fold3_room13_mix002.csv,784,0,1,-55,9,141
fold3_room13_mix002.csv,797,0,1,-55,9,141
fold3_room13_mix002.csv,820,0,2,3,-7,206
fold3_room13_mix002.csv,825,0,2,3,-7,206
fold3_room13_mix002.csv,939,0,2,3,-6,219
fold3_room13_mix002.csv,974,0,2,4,-7,208
fold3_room13_mix002.csv,989,0,2,4,-7,207
fold3_room13_mix002.csv,1002,0,2,3,-7,207
fold3_room13_mix002.csv,1021,0,2,4,-7,207
fold3_room13_mix002.csv,1084,0,2,5,-7,209
fold3_room13_mix002.csv,1088,0,1,-53,9,141
fold3_room13_mix002.csv,1112,0,1,-53,9,141
fold3_room13_mix002.csv,1118,0,1,-54,9,141
fold3_room13_mix002.csv,1152,0,1,-52,9,140
fold3_room13_mix002.csv,1163,0,1,-54,9,138
fold3_room13_mix002.csv,1221,0,1,-54,9,140
fold3_room13_mix002.csv,1266,0,2,4,-7,209
fold3_room13_mix002.csv,1267,0,2,4,-7,209
fold3_room13_mix002.csv,1270,0,1,-54,9,140
fold3_room13_mix002.csv,1283,0,2,4,-7,209
fold3_room13_mix002.csv,1313,0,2,4,-7,210
fold3_room13_mix002.csv,1338,0,2,5,-7,211
fold3_room13_mix002.csv,1342,0,2,5,-7,211
fold3_room13_mix002.csv,1361,0,2,4,-7,209
fold3_room13_mix002.csv,1447,0,2,4,-7,209
fold3_room13_mix002.csv,1475,0,2,4,-7,209
fold3_room13_mix002.csv,1485,0,2,5,-8,211
fold3_room13_mix002.csv,1522,0,2,5,-8,211
fold3_room13_mix002.csv,1527,0,2,5,-8,212
fold3_room13_mix002.csv,1530,0,2,5,-8,211
fold3_room13_mix002.csv,1555,0,2,5,-7,218
fold3_room13_mix002.csv,1573,0,2,5,-7,213
fold3_room13_mix002.csv,1585,0,2,5,-7,216
fold3_room13_mix002.csv,1616,0,2,6,-6,214
fold3_room13_mix002.csv,1621,0,2,4,-6,215
fold3_room13_mix002.csv,1652,0,2,4,-6,215
fold3_room13_mix002.csv,1786,0,2,4,-8,210
fold3_room13_mix002.csv,1898,0,2,5,-7,210
fold3_room13_mix002.csv,1913,0,2,5,-7,214
fold3_room13_mix002.csv,1943,0,2,4,-8,208
fold3_room13_mix002.csv,2003,0,2,5,-7,211
fold3_room13_mix002.csv,2119,0,2,4,-7,212
fold3_room13_mix002.csv,2128,0,2,6,-7,213
fold3_room13_mix002.csv,2150,0,2,5,-7,209
fold3_room13_mix002.csv,2268,0,2,4,-7,209
fold3_room13_mix002.csv,2270,0,2,4,-7,209
fold3_room13_mix002.csv,2284,0,1,-55,8,142
fold3_room13_mix002.csv,2340,0,1,-54,9,139
fold3_room13_mix002.csv,2353,0,1,-54,9,138
fold3_room13_mix002.csv,2371,0,1,-50,9,141
fold3_room13_mix002.csv,2374,0,1,-51,9,141
fold3_room13_mix002.csv,2391,0,1,-55,9,138
fold3_room13_mix002.csv,2401,0,1,-55,9,139
fold3_room13_mix002.csv,2446,0,1,-53,8,139
fold3_room13_mix002.csv,2454,0,1,-55,9,138
fold3_room13_mix002.csv,2484,0,1,-53,9,145
fold3_room13_mix002.csv,2496,0,1,-55,9,143
fold3_room13_mix002.csv,2526,0,1,-53,9,141
fold3_room13_mix002.csv,2538,0,1,-53,9,142
fold3_room13_mix002.csv,2565,0,1,-53,8,139
fold3_room13_mix002.csv,2584,0,1,-53,9,139
fold3_room13_mix002.csv,2598,0,1,-53,9,138
fold3_room13_mix002.csv,2603,0,1,-53,9,138
fold3_room13_mix002.csv,2711,0,1,-55,9,141
fold3_room13_mix002.csv,2715,0,2,2,-6,208
fold3_room13_mix002.csv,2718,0,2,2,-7,207
fold3_room13_mix002.csv,2747,0,1,-54,9,135
fold3_room13_mix002.csv,2777,0,1,-55,9,141
fold3_room13_mix002.csv,2815,0,2,4,-7,210
fold3_room13_mix002.csv,2848,0,2,5,-7,211
fold3_room13_mix002.csv,2876,0,2,4,-7,212
fold3_room13_mix002.csv,2892,0,2,3,-7,210
fold3_room13_mix003.csv,23,0,2,53,-17,96
fold3_room13_mix003.csv,27,0,2,53,-16,96
fold3_room13_mix003.csv,39,0,2,50,-16,100
fold3_room13_mix003.csv,68,0,2,48,-14,108
fold3_room13_mix003.csv,144,0,2,48,-14,109
fold3_room13_mix003.csv,159,0,2,48,-15,109
fold3_room13_mix003.csv,207,0,2,48,-16,110
fold3_room13_mix003.csv,230,0,2,51,-17,99
fold3_room13_mix003.csv,284,0,1,-21,-10,124
fold3_room13_mix003.csv,292,0,1,-21,-10,125
fold3_room13_mix003.csv,326,0,1,-21,-10,123
fold3_room13_mix003.csv,344,0,1,-21,-10,123
fold3_room13_mix003.csv,349,0,2,52,-16,96
fold3_room13_mix003.csv,360,0,2,51,-17,97
fold3_room13_mix003.csv,363,0,1,-21,-10,123
fold3_room13_mix003.csv,380,0,1,-22,-9,123
fold3_room13_mix003.csv,389,0,1,-21,-10,124
fold3_room13_mix003.csv,404,0,1,-21,-10,123
fold3_room13_mix003.csv,406,0,2,51,-17,98
fold3_room13_mix003.csv,412,0,2,51,-17,98
fold3_room13_mix003.csv,423,0,2,51,-17,98
fold3_room13_mix003.csv,452,0,2,53,-18,97
fold3_room13_mix003.csv,460,0,1,-21,-10,122
fold3_room13_mix003.csv,465,0,1,-21,-10,122
fold3_room13_mix003.csv,477,0,1,-21,-10,123
fold3_room13_mix003.csv,517,0,1,-21,-10,123
fold3_room13_mix003.csv,521,0,2,52,-17,97
fold3_room13_mix003.csv,523,0,2,52,-17,98
fold3_room13_mix003.csv,534,0,1,-21,-10,122
fold3_room13_mix003.csv,563,0,1,-21,-9,122
fold3_room13_mix003.csv,595,0,2,51,-17,98
fold3_room13_mix003.csv,612,0,2,52,-17,98
fold3_room13_mix003.csv,621,0,1,-21,-10,122
fold3_room13_mix003.csv,625,0,1,-21,-10,122
fold3_room13_mix003.csv,635,0,1,-21,-10,122
fold3_room13_mix003.csv,643,0,1,-21,-10,122
fold3_room13_mix003.csv,660,0,1,-21,-10,122
fold3_room13_mix003.csv,740,0,1,-21,-11,120
fold3_room13_mix003.csv,753,0,1,-21,-10,122
fold3_room13_mix003.csv,760,0,1,-21,-10,122
fold3_room13_mix003.csv,772,0,1,-21,-10,122
fold3_room13_mix003.csv,775,0,1,-21,-11,122
fold3_room13_mix003.csv,780,0,2,52,-17,98
fold3_room13_mix003.csv,795,0,2,52,-17,98
fold3_room13_mix003.csv,799,0,1,-21,-10,122
fold3_room13_mix003.csv,837,0,1,-21,-10,123
fold3_room13_mix003.csv,858,0,2,52,-17,95
fold3_room13_mix003.csv,866,0,2,53,-17,95
fold3_room13_mix003.csv,875,0,2,52,-18,96
fold3_room13_mix003.csv,877,0,2,52,-17,96
fold3_room13_mix003.csv,895,0,1,-20,3,162
fold3_room13_mix003.csv,896,0,1,-20,3,177
fold3_room13_mix003.csv,936,0,1,-22,3,280
fold3_room13_mix003.csv,941,0,1,-20,4,238
fold3_room13_mix003.csv,1007,0,2,50,-16,102
fold3_room13_mix003.csv,1021,0,2,50,-17,104
fold3_room13_mix003.csv,1068,0,1,-20,-9,126
fold3_room13_mix003.csv,1081,0,1,-20,-10,125
fold3_room13_mix003.csv,1119,0,2,52,-16,97
fold3_room13_mix003.csv,1142,0,2,51,-16,98
fold3_room13_mix003.csv,1151,0,2,51,-16,98
fold3_room13_mix003.csv,1157,0,2,51,-16,97
fold3_room13_mix003.csv,1170,0,2,52,-16,95
fold3_room13_mix003.csv,1189,0,2,49,-17,107
fold3_room13_mix003.csv,1201,0,1,-20,-10,124
fold3_room13_mix003.csv,1214,0,1,-20,-10,126
fold3_room13_mix003.csv,1223,0,2,51,-16,97
fold3_room13_mix003.csv,1256,0,2,52,-16,97
fold3_room13_mix003.csv,1271,0,2,53,-17,97
fold3_room13_mix003.csv,1294,0,2,53,-18,97
fold3_room13_mix003.csv,1309,0,2,53,-18,97
fold3_room13_mix003.csv,1342,0,2,51,-17,99
fold3_room13_mix003.csv,1355,0,1,-20,-10,124
fold3_room13_mix003.csv,1395,0,1,-20,-10,125
fold3_room13_mix003.csv,1408,0,2,50,-16,102
fold3_room13_mix003.csv,1418,0,2,50,-17,101
fold3_room13_mix003.csv,1436,0,2,49,-16,106
fold3_room13_mix003.csv,1492,0,2,49,-14,106
fold3_room13_mix003.csv,1495,0,2,50,-14,104
fold3_room13_mix003.csv,1512,0,1,-20,-10,126
fold3_room13_mix003.csv,1520,0,1,-20,-10,126
fold3_room13_mix003.csv,1534,0,1,-21,-10,126
fold3_room13_mix003.csv,1538,0,2,52,-16,95
fold3_room13_mix003.csv,1544,0,2,52,-17,96
fold3_room13_mix003.csv,1578,0,2,54,-19,96
fold3_room13_mix003.csv,1589,0,2,54,-18,97
fold3_room13_mix003.csv,1595,0,2,54,-18,97
fold3_room13_mix003.csv,1599,0,2,53,-17,96
fold3_room13_mix003.csv,1603,0,2,53,-18,96
fold3_room13_mix003.csv,1608,0,1,-20,-9,124
fold3_room13_mix003.csv,1633,0,1,-20,-10,122
fold3_room13_mix003.csv,1637,0,1,-19,-10,125
fold3_room13_mix003.csv,1645,0,1,-19,-10,124
fold3_room13_mix003.csv,1688,0,2,50,-16,102
fold3_room13_mix003.csv,1752,0,2,50,-17,104
fold3_room13_mix003.csv,1896,0,2,49,-16,107
fold3_room13_mix003.csv,1901,0,2,49,-17,107
fold3_room13_mix003.csv,1948,0,2,49,-15,106
fold3_room13_mix003.csv,1991,0,2,50,-15,105
fold3_room13_mix003.csv,2003,0,2,52,-15,96
fold3_room13_mix003.csv,2020,0,2,53,-17,96
fold3_room13_mix004.csv,40,0,1,-44,3,421
fold3_room13_mix004.csv,48,0,1,-44,3,421
fold3_room13_mix004.csv,55,0,1,-44,3,421
fold3_room13_mix004.csv,57,0,1,-44,3,421
fold3_room13_mix004.csv,334,0,1,-20,-8,133
fold3_room13_mix004.csv,364,0,1,-21,-8,130
fold3_room13_mix004.csv,367,0,2,31,-5,226
fold3_room13_mix004.csv,387,0,2,30,-6,226
fold3_room13_mix004.csv,392,0,1,-19,-9,131
fold3_room13_mix004.csv,393,0,1,-19,-9,131
fold3_room13_mix004.csv,474,0,1,-22,-8,143
fold3_room13_mix004.csv,484,0,1,-21,-8,143
fold3_room13_mix004.csv,499,0,1,-21,-8,143
fold3_room13_mix004.csv,510,0,1,-22,-9,151
fold3_room13_mix004.csv,614,0,2,32,-6,234
fold3_room13_mix004.csv,642,0,2,28,-5,229
fold3_room13_mix004.csv,651,0,1,-27,-11,129
fold3_room13_mix004.csv,719,0,1,-27,-7,142
fold3_room13_mix004.csv,734,0,2,29,-6,225
fold3_room13_mix004.csv,770,0,2,29,-6,233
fold3_room13_mix004.csv,813,0,1,-25,-8,146
fold3_room13_mix004.csv,825,0,1,-29,-8,138
fold3_room13_mix004.csv,857,0,2,28,-7,226
fold3_room13_mix004.csv,906,0,2,28,-7,228
fold3_room13_mix004.csv,925,0,2,28,-7,226
fold3_room13_mix004.csv,975,0,2,28,-7,227
fold3_room13_mix004.csv,987,0,1,-25,-11,127
fold3_room13_mix004.csv,1011,0,1,-25,-10,129
fold3_room13_mix004.csv,1013,0,2,29,-7,226
fold3_room13_mix004.csv,1052,0,2,28,-7,227
fold3_room13_mix004.csv,1069,0,2,28,-7,227
fold3_room13_mix004.csv,1085,0,2,28,-6,223
fold3_room13_mix004.csv,1122,0,1,-26,-11,127
fold3_room13_mix004.csv,1142,0,1,-26,-10,133
fold3_room13_mix004.csv,1191,0,1,-25,-12,127
fold3_room13_mix004.csv,1194,0,1,-26,-12,126
fold3_room13_mix004.csv,1233,0,2,28,-7,228
fold3_room13_mix004.csv,1299,0,2,28,-7,226
fold3_room13_mix004.csv,1332,0,1,-27,-10,129
fold3_room13_mix004.csv,1360,0,1,-26,-10,132
fold3_room13_mix004.csv,1452,0,2,29,-7,226
fold3_room13_mix004.csv,1476,0,2,29,-7,227
fold3_room13_mix006.csv,57,0,2,-101,-18,102
fold3_room13_mix006.csv,61,0,2,-101,-18,102
fold3_room13_mix006.csv,68,0,2,-101,-18,102
fold3_room13_mix006.csv,84,0,2,-101,-18,102
fold3_room13_mix006.csv,130,0,2,-101,-18,101
fold3_room13_mix006.csv,175,0,2,-101,-19,102
fold3_room13_mix006.csv,188,0,2,-101,-19,102
fold3_room13_mix006.csv,208,0,2,-101,-19,102
fold3_room13_mix006.csv,417,0,2,-99,-19,101
fold3_room13_mix006.csv,433,0,2,-100,-19,101
fold3_room13_mix006.csv,439,0,2,-100,-19,100
fold3_room13_mix006.csv,445,0,2,-100,-19,100
fold3_room13_mix006.csv,644,0,2,-99,-19,97
fold3_room13_mix006.csv,681,0,2,-100,-19,100
fold3_room13_mix006.csv,686,0,2,-100,-19,100
fold3_room13_mix006.csv,699,0,2,-100,-18,101
fold3_room13_mix006.csv,859,0,2,-100,-19,98
fold3_room13_mix006.csv,906,0,2,-100,-19,99
fold3_room13_mix006.csv,936,0,2,-103,-17,105
fold3_room13_mix006.csv,966,0,2,-101,-19,103
fold3_room13_mix006.csv,976,0,2,-101,-18,105
fold3_room13_mix006.csv,992,0,2,-101,-19,103
fold3_room13_mix006.csv,997,0,2,-101,-19,103
fold3_room13_mix006.csv,1031,0,2,-100,-19,102
fold3_room13_mix006.csv,1145,0,2,-100,-18,103
fold3_room13_mix006.csv,1194,0,2,-101,-19,99
fold3_room13_mix006.csv,1221,0,2,-101,-18,99
fold3_room13_mix006.csv,1230,0,2,-101,-17,105
fold3_room13_mix006.csv,1273,0,2,-99,-18,101
fold3_room13_mix006.csv,1333,0,2,-98,-21,99
fold3_room13_mix006.csv,1350,0,2,-99,-19,106
fold3_room13_mix006.csv,1370,0,2,-110,-16,114
fold3_room13_mix006.csv,1374,0,2,-110,-16,114
fold3_room13_mix006.csv,1407,0,2,-110,-17,112
fold3_room13_mix006.csv,1411,0,2,-109,-17,113
fold3_room13_mix006.csv,1431,0,2,-109,-17,114
fold3_room13_mix006.csv,1436,0,2,-109,-16,113
fold3_room13_mix006.csv,1491,0,2,-101,-19,100
fold3_room13_mix006.csv,1494,0,2,-101,-18,98
fold3_room13_mix006.csv,1514,0,2,-100,-18,101
fold3_room13_mix006.csv,1518,0,2,-101,-19,99
fold3_room13_mix006.csv,1533,0,2,-100,-20,97
fold3_room13_mix006.csv,1537,0,2,-100,-20,96
fold3_room13_mix006.csv,1561,0,2,-101,-20,96
fold3_room13_mix006.csv,1569,0,2,-101,-20,96
fold3_room13_mix006.csv,1585,0,2,-107,-17,103
fold3_room13_mix006.csv,1851,0,2,-109,-16,113
fold3_room13_mix006.csv,1856,0,2,-110,-17,116
fold3_room13_mix006.csv,1889,0,2,-110,-16,113
fold3_room13_mix006.csv,1899,0,2,-111,-16,113
fold3_room13_mix006.csv,2007,0,2,-110,-15,115
fold3_room13_mix006.csv,2060,0,2,-110,-18,115
fold3_room13_mix006.csv,2134,0,2,-111,-17,112
fold3_room13_mix006.csv,2148,0,2,-110,-17,116
fold3_room13_mix006.csv,2204,0,2,-111,-17,113
fold3_room13_mix006.csv,2245,0,2,-110,-17,115
fold3_room13_mix006.csv,2250,0,2,-111,-17,115
fold3_room13_mix006.csv,2256,0,2,-111,-17,115
fold3_room13_mix006.csv,2269,0,2,-111,-17,114
fold3_room13_mix006.csv,2292,0,2,-109,-16,117
fold3_room13_mix006.csv,2339,0,2,-109,-16,115
fold3_room13_mix006.csv,2374,0,2,-109,-16,115
fold3_room13_mix006.csv,2378,0,2,-109,-16,115
fold3_room13_mix006.csv,2386,0,2,-110,-16,115
fold3_room13_mix006.csv,2390,0,2,-109,-16,117
fold3_room13_mix006.csv,2412,0,2,-109,-17,116
fold3_room13_mix006.csv,2463,0,2,-110,-16,116
fold3_room13_mix006.csv,2501,0,2,-110,-18,115
fold3_room13_mix006.csv,2566,0,2,-110,-16,116
fold3_room13_mix006.csv,2593,0,2,-110,-17,115
fold3_room13_mix006.csv,2597,0,2,-110,-17,115
fold3_room13_mix006.csv,2608,0,2,-110,-17,115
fold3_room13_mix006.csv,2611,0,2,-110,-17,115
fold3_room13_mix006.csv,2619,0,2,-110,-17,115
fold3_room13_mix006.csv,2633,0,2,-110,-17,115
fold3_room13_mix006.csv,2670,0,2,-110,-17,116
fold3_room13_mix006.csv,2676,0,2,-110,-16,115
fold3_room13_mix006.csv,2743,0,2,-107,-16,117
fold3_room13_mix006.csv,2756,0,2,-110,-16,115
fold3_room13_mix006.csv,2761,0,2,-110,-16,115
fold3_room13_mix006.csv,2856,0,2,-112,-17,112
fold3_room13_mix006.csv,2864,0,2,-110,-16,117
fold3_room13_mix006.csv,2938,0,2,-111,-16,114
fold3_room13_mix006.csv,2956,0,2,-109,-17,118
fold3_room13_mix007.csv,27,0,2,-119,-15,128
fold3_room13_mix007.csv,37,0,2,-119,-15,129
fold3_room13_mix007.csv,50,0,2,-119,-15,129
fold3_room13_mix007.csv,94,0,2,-119,-16,129
fold3_room13_mix007.csv,100,0,3,-2,-4,254
fold3_room13_mix007.csv,102,0,3,-2,-4,253
fold3_room13_mix007.csv,105,0,2,-119,-16,128
fold3_room13_mix007.csv,113,0,2,-119,-17,128
fold3_room13_mix007.csv,118,0,3,-2,-3,255
fold3_room13_mix007.csv,134,0,3,-2,-4,254
fold3_room13_mix007.csv,139,0,2,-119,-16,128
fold3_room13_mix007.csv,141,0,2,-119,-16,128
fold3_room13_mix007.csv,148,0,3,-2,-4,255
fold3_room13_mix007.csv,167,0,3,-2,-4,253
fold3_room13_mix007.csv,191,0,3,-2,-4,254
fold3_room13_mix007.csv,195,0,3,-2,-4,254
fold3_room13_mix007.csv,230,0,3,-4,-4,256
fold3_room13_mix007.csv,241,0,3,-3,-4,255
fold3_room13_mix007.csv,250,0,3,-3,-4,255
fold3_room13_mix007.csv,253,0,2,-119,-16,128
fold3_room13_mix007.csv,265,0,2,-119,-16,129
fold3_room13_mix007.csv,273,0,2,-119,-16,129
fold3_room13_mix007.csv,285,0,2,-119,-16,129
fold3_room13_mix007.csv,297,0,3,-3,-4,254
fold3_room13_mix007.csv,311,0,3,-3,-4,254
fold3_room13_mix007.csv,330,0,3,-2,-4,255
fold3_room13_mix007.csv,350,0,3,-2,-4,254
fold3_room13_mix007.csv,361,0,2,-119,-16,128
fold3_room13_mix007.csv,364,0,2,-119,-16,128
fold3_room13_mix007.csv,378,0,3,-3,-4,254
fold3_room13_mix007.csv,410,0,3,-3,-4,255
fold3_room13_mix007.csv,419,0,2,-119,-16,128
fold3_room13_mix007.csv,434,0,3,-2,-4,255
fold3_room13_mix007.csv,447,0,3,-2,-4,255
fold3_room13_mix007.csv,453,0,3,-2,-4,255
fold3_room13_mix007.csv,466,0,3,-2,-4,255
fold3_room13_mix007.csv,573,0,3,-4,-4,256
fold3_room13_mix007.csv,578,0,2,-119,-16,128
fold3_room13_mix007.csv,579,0,2,-119,-16,129
fold3_room13_mix007.csv,584,0,3,-4,-4,256
fold3_room13_mix007.csv,710,0,3,-2,-4,252
fold3_room13_mix007.csv,720,0,3,-2,-4,254
fold3_room13_mix007.csv,759,0,3,-5,-4,256
fold3_room13_mix007.csv,763,0,3,-4,-4,256
fold3_room13_mix007.csv,865,0,3,-5,-5,260
fold3_room13_mix007.csv,898,0,3,-3,-4,252
fold3_room13_mix007.csv,939,0,3,-2,-5,251
fold3_room13_mix007.csv,948,0,3,-3,-4,254
fold3_room13_mix007.csv,1085,0,3,-2,-4,252
fold3_room13_mix007.csv,1109,0,3,-2,-4,252
fold3_room13_mix007.csv,1123,0,3,-3,-4,253
fold3_room13_mix007.csv,1134,0,3,-3,-4,253
fold3_room13_mix007.csv,1189,0,3,-2,-4,253
fold3_room13_mix007.csv,1194,0,3,-3,-4,253
fold3_room13_mix007.csv,1217,0,3,-3,-4,255
fold3_room13_mix007.csv,1227,0,3,-3,-4,254
fold3_room13_mix007.csv,1293,0,3,-2,-4,254
fold3_room13_mix007.csv,1299,0,3,-2,-4,254
fold3_room13_mix007.csv,1317,0,3,-5,-5,256
fold3_room13_mix007.csv,1325,0,2,-128,-15,138
fold3_room13_mix007.csv,1353,0,2,-127,-15,137
fold3_room13_mix007.csv,1363,0,2,-127,-15,137
fold3_room13_mix007.csv,1379,0,2,-127,-15,138
fold3_room13_mix007.csv,1388,0,2,-127,-15,137
fold3_room13_mix007.csv,1415,0,2,-127,-15,139
fold3_room13_mix007.csv,1479,0,2,-127,-14,139
fold3_room13_mix007.csv,1493,0,2,-127,-14,140
fold3_room13_mix007.csv,1503,0,2,-127,-14,139
fold3_room13_mix007.csv,1566,0,2,-127,-15,139
fold3_room13_mix007.csv,1575,0,2,-127,-15,138
fold3_room13_mix007.csv,1689,0,2,-127,-16,138
fold3_room13_mix007.csv,1700,0,2,-127,-15,138
fold3_room13_mix007.csv,1702,0,2,-127,-15,139
fold3_room13_mix007.csv,1711,0,2,-128,-15,138
fold3_room13_mix007.csv,1786,0,2,-128,-15,138
fold3_room13_mix007.csv,1798,0,2,-127,-15,139
fold3_room13_mix007.csv,1805,0,2,-128,-15,139
fold3_room13_mix007.csv,1813,0,2,-128,-15,139
fold3_room13_mix007.csv,1814,0,2,-128,-15,139
fold3_room13_mix007.csv,1820,0,3,-4,-5,250
fold3_room13_mix007.csv,1821,0,3,-4,-6,247
fold3_room13_mix007.csv,1827,0,2,-127,-14,140
fold3_room13_mix007.csv,1881,0,3,-34,3,287
fold3_room13_mix007.csv,1886,0,3,-29,3,280
fold3_room13_mix007.csv,1898,0,2,-127,-15,141
fold3_room13_mix007.csv,1899,0,2,-127,-15,141
fold3_room13_mix007.csv,1953,0,2,-130,-15,136
fold3_room13_mix007.csv,1997,0,2,-128,-15,138
fold3_room13_mix007.csv,2007,0,2,-128,-15,138
fold3_room13_mix007.csv,2066,0,2,-128,-15,138
fold3_room13_mix007.csv,2084,0,3,0,-4,251
fold3_room13_mix007.csv,2110,0,3,0,-4,251
fold3_room13_mix007.csv,2120,0,3,-1,-4,251
fold3_room13_mix007.csv,2136,0,3,0,-4,251
fold3_room13_mix007.csv,2148,0,3,-1,-4,251
fold3_room13_mix007.csv,2193,0,3,0,-5,250
fold3_room13_mix007.csv,2203,0,3,0,-4,251
fold3_room13_mix007.csv,2276,0,3,0,-4,251
fold3_room13_mix007.csv,2286,0,3,0,-4,251
fold3_room13_mix007.csv,2307,0,3,0,-4,252
fold3_room13_mix007.csv,2317,0,3,0,-4,252
fold3_room13_mix007.csv,2353,0,3,-2,-5,254
fold3_room13_mix007.csv,2361,0,3,-2,-4,253
fold3_room13_mix007.csv,2418,0,3,-2,-4,254
fold3_room13_mix007.csv,2435,0,2,-119,-15,128
fold3_room13_mix007.csv,2440,0,2,-119,-15,129
fold3_room13_mix008.csv,40,0,2,2,2,232
fold3_room13_mix008.csv,56,0,2,3,2,232
fold3_room13_mix008.csv,60,0,2,3,2,233
fold3_room13_mix008.csv,62,0,2,2,1,232
fold3_room13_mix008.csv,2347,0,3,-26,-9,110
fold3_room13_mix008.csv,2348,0,3,-26,-9,111
fold3_room14_mix001.csv,55,0,1,75,-7,177
fold3_room14_mix001.csv,75,0,1,75,-7,176
fold3_room14_mix001.csv,79,0,2,120,2,143
fold3_room14_mix001.csv,93,0,2,120,1,143
fold3_room14_mix001.csv,97,0,1,75,-7,176
fold3_room14_mix001.csv,152,0,1,75,-7,176
fold3_room14_mix001.csv,155,0,1,76,-7,176
fold3_room14_mix001.csv,175,0,1,75,-7,175
fold3_room14_mix001.csv,185,0,1,75,-7,174
fold3_room14_mix001.csv,203,0,1,76,-7,174
fold3_room14_mix001.csv,209,0,2,120,2,140
fold3_room14_mix001.csv,228,0,2,121,2,140
fold3_room14_mix001.csv,236,0,2,121,2,139
fold3_room14_mix001.csv,241,0,2,120,1,139
fold3_room14_mix001.csv,249,0,1,75,-7,172
fold3_room14_mix001.csv,251,0,1,75,-7,172
fold3_room14_mix001.csv,256,0,2,120,1,139
fold3_room14_mix001.csv,269,0,2,120,1,140
fold3_room14_mix001.csv,276,0,2,121,1,141
fold3_room14_mix001.csv,279,0,2,120,1,140
fold3_room14_mix001.csv,294,0,1,75,-8,172
fold3_room14_mix001.csv,325,0,1,75,-8,174
fold3_room14_mix001.csv,351,0,2,120,1,143
fold3_room14_mix001.csv,367,0,2,120,1,142
fold3_room14_mix001.csv,369,0,1,76,-7,175
fold3_room14_mix001.csv,375,0,1,72,-7,174
fold3_room14_mix001.csv,380,0,2,120,1,142
fold3_room14_mix001.csv,392,0,2,120,1,143
fold3_room14_mix001.csv,401,0,1,76,-7,177
fold3_room14_mix001.csv,409,0,1,76,-7,176
fold3_room14_mix001.csv,429,0,2,121,2,139
fold3_room14_mix001.csv,432,0,2,121,1,138
fold3_room14_mix001.csv,437,0,1,75,-7,174
fold3_room14_mix001.csv,463,0,1,71,-7,176
fold3_room14_mix001.csv,470,0,1,70,-8,175
fold3_room14_mix001.csv,494,0,1,76,-7,174
fold3_room14_mix001.csv,549,0,1,71,-7,174
fold3_room14_mix001.csv,552,0,1,70,-7,175
fold3_room14_mix001.csv,558,0,2,-11,0,369
fold3_room14_mix001.csv,572,0,2,-9,1,288
fold3_room14_mix001.csv,621,0,1,73,-7,177
fold3_room14_mix001.csv,663,0,1,72,-8,175
fold3_room14_mix001.csv,678,0,1,76,-8,176
fold3_room14_mix001.csv,733,0,1,76,-8,178
fold3_room14_mix001.csv,755,0,1,74,-8,178
fold3_room14_mix001.csv,785,0,1,75,-7,175
fold3_room14_mix001.csv,793,0,1,75,-8,178
fold3_room14_mix001.csv,796,0,2,121,0,140
fold3_room14_mix001.csv,805,0,2,133,1,148
fold3_room14_mix001.csv,818,0,2,134,0,153
fold3_room14_mix001.csv,823,0,2,131,0,153
fold3_room14_mix001.csv,825,0,1,77,-8,180
fold3_room14_mix001.csv,844,0,1,78,-8,180
fold3_room14_mix001.csv,862,0,1,78,-8,181
fold3_room14_mix001.csv,878,0,1,77,-8,178
fold3_room14_mix001.csv,884,0,1,77,-8,178
fold3_room14_mix001.csv,887,0,1,78,-8,178
fold3_room14_mix001.csv,894,0,2,132,0,152
fold3_room14_mix001.csv,913,0,1,76,-8,176
fold3_room14_mix001.csv,950,0,1,76,-8,173
fold3_room14_mix001.csv,956,0,2,133,1,151
fold3_room14_mix001.csv,965,0,2,133,1,151
fold3_room14_mix001.csv,975,0,1,75,-8,171
fold3_room14_mix001.csv,982,0,1,75,-8,171
fold3_room14_mix002.csv,140,0,2,136,-17,149
fold3_room14_mix002.csv,146,0,2,134,-17,146
fold3_room14_mix002.csv,202,0,1,-24,3,335
fold3_room14_mix002.csv,204,0,1,-24,3,330
fold3_room14_mix002.csv,216,0,1,-19,2,309
fold3_room14_mix002.csv,231,0,1,-6,4,263
fold3_room14_mix002.csv,246,0,1,1,5,205
fold3_room14_mix002.csv,263,0,2,139,-31,103
fold3_room14_mix002.csv,271,0,2,142,-30,98
fold3_room14_mix002.csv,286,0,1,-1,6,172
fold3_room14_mix002.csv,330,0,1,0,5,174
fold3_room14_mix002.csv,340,0,1,-1,5,174
fold3_room14_mix002.csv,342,0,1,-1,5,173
fold3_room14_mix002.csv,353,0,1,0,6,172
fold3_room14_mix002.csv,362,0,1,0,5,171
fold3_room14_mix002.csv,370,0,2,132,-24,102
fold3_room14_mix002.csv,392,0,2,132,-24,103
fold3_room14_mix002.csv,406,0,1,-1,6,172
fold3_room14_mix002.csv,469,0,2,116,-3,82
fold3_room14_mix002.csv,535,0,2,-12,0,267
fold3_room14_mix002.csv,540,0,2,-14,0,281
fold3_room14_mix002.csv,560,0,1,0,3,301
fold3_room14_mix002.csv,604,0,1,-1,3,303
fold3_room14_mix002.csv,613,0,1,1,3,297
fold3_room14_mix002.csv,617,0,1,0,3,298
fold3_room14_mix002.csv,623,0,2,-17,0,273
fold3_room14_mix002.csv,634,0,2,-15,0,301
fold3_room14_mix002.csv,640,0,1,-2,3,306
fold3_room14_mix002.csv,647,0,1,-3,3,310
fold3_room14_mix002.csv,651,0,1,-5,3,306
fold3_room14_mix002.csv,653,0,1,-6,3,305
fold3_room14_mix003.csv,47,0,1,132,-21,97
fold3_room14_mix003.csv,62,0,1,128,-20,100
fold3_room14_mix003.csv,65,0,2,3,-8,248
fold3_room14_mix003.csv,92,0,2,5,-9,246
fold3_room14_mix003.csv,278,0,2,3,-9,245
fold3_room14_mix003.csv,283,0,2,3,-9,246
fold3_room14_mix003.csv,297,0,2,6,-7,245
fold3_room14_mix003.csv,298,0,2,5,-7,245
fold3_room14_mix003.csv,323,0,1,137,-16,107
fold3_room14_mix003.csv,325,0,1,139,-16,107
fold3_room14_mix004.csv,83,0,2,-18,1,195
fold3_room14_mix004.csv,103,0,2,-18,1,196
fold3_room14_mix004.csv,116,0,1,4,1,258
fold3_room14_mix004.csv,140,0,1,5,4,258
fold3_room14_mix004.csv,229,0,1,162,8,123
fold3_room14_mix004.csv,233,0,1,151,11,93
fold3_room14_mix004.csv,303,0,1,13,5,263
fold3_room14_mix004.csv,313,0,1,13,5,263
fold3_room14_mix004.csv,320,0,2,-11,1,246
fold3_room14_mix004.csv,334,0,2,-11,1,250
fold3_room14_mix004.csv,341,0,2,-11,1,257
fold3_room14_mix004.csv,350,0,2,-11,1,254
fold3_room14_mix004.csv,362,0,2,-12,1,246
fold3_room14_mix004.csv,369,0,2,-12,1,247
fold3_room14_mix004.csv,383,0,1,13,5,258
fold3_room14_mix004.csv,429,0,1,14,4,257
fold3_room14_mix004.csv,444,0,1,12,5,258
fold3_room14_mix004.csv,457,0,1,14,5,256
fold3_room14_mix004.csv,463,0,1,14,4,255
fold3_room14_mix004.csv,474,0,1,15,4,259
fold3_room14_mix004.csv,482,0,2,-11,1,246
fold3_room14_mix004.csv,490,0,2,-12,1,241
fold3_room14_mix004.csv,511,0,1,10,6,195
fold3_room14_mix004.csv,513,0,1,10,6,194
fold3_room14_mix004.csv,566,0,1,159,6,76
fold3_room14_mix004.csv,569,0,1,162,-6,76
fold3_room14_mix004.csv,581,0,1,136,-16,129
fold3_room14_mix004.csv,589,0,1,139,-15,123
fold3_room6_mix001.csv,5,0,1,-49,-9,189
fold3_room6_mix001.csv,49,0,1,-49,-8,195
fold3_room6_mix001.csv,135,0,1,-49,-9,194
fold3_room6_mix001.csv,184,0,1,-49,-9,186
fold3_room6_mix001.csv,210,0,1,-48,-9,188
fold3_room6_mix001.csv,219,0,1,-48,-9,188
fold3_room6_mix001.csv,230,0,1,-49,-9,189
fold3_room6_mix001.csv,244,0,1,-49,-9,190
fold3_room6_mix001.csv,265,0,1,-48,-9,188
fold3_room6_mix001.csv,284,0,1,-48,-10,188
fold3_room6_mix001.csv,405,0,1,-50,-9,198
fold3_room6_mix001.csv,494,0,1,-48,-10,187
fold3_room6_mix001.csv,510,0,1,-47,-9,189
fold3_room6_mix001.csv,534,0,1,-49,-10,188
fold3_room6_mix001.csv,545,0,1,-50,-9,192
fold3_room6_mix001.csv,554,0,1,-49,-9,189
fold3_room6_mix001.csv,565,0,1,-49,-9,189
fold3_room6_mix001.csv,584,0,1,-48,-9,187
fold3_room6_mix001.csv,940,0,1,-49,-9,192
fold3_room6_mix001.csv,954,0,1,-48,-9,190
fold3_room6_mix001.csv,1020,0,1,-47,-14,173
fold3_room6_mix001.csv,1029,0,1,-43,-11,226
fold3_room6_mix001.csv,1265,0,1,-50,-9,204
fold3_room6_mix001.csv,1289,0,1,-50,-10,181
fold3_room6_mix001.csv,1320,0,1,-48,-11,184
fold3_room6_mix001.csv,1349,0,1,-50,-11,183
fold3_room6_mix001.csv,1405,0,1,-47,-11,187
fold3_room6_mix001.csv,1439,0,1,-49,-11,186
fold3_room6_mix001.csv,1445,0,1,-50,-11,186
fold3_room6_mix001.csv,1454,0,1,-50,-11,187
fold3_room6_mix001.csv,1470,0,1,-49,-10,189
fold3_room6_mix001.csv,1484,0,1,-47,-10,190
fold3_room6_mix001.csv,1550,0,1,-47,-10,186
fold3_room6_mix001.csv,1564,0,1,-47,-11,193
fold3_room6_mix001.csv,1585,0,1,-43,-10,200
fold3_room6_mix001.csv,1599,0,1,-45,-10,209
fold3_room6_mix001.csv,1890,0,1,-46,-9,201
fold3_room6_mix001.csv,1904,0,1,-46,-9,199
fold3_room6_mix001.csv,1920,0,1,-47,-9,197
fold3_room6_mix001.csv,1959,0,1,-45,-10,184
fold3_room6_mix001.csv,1980,0,1,-49,-8,192
fold3_room6_mix001.csv,1989,0,1,-47,-9,193
fold3_room6_mix001.csv,2105,0,1,-46,-9,198
fold3_room6_mix001.csv,2119,0,1,-47,-9,196
fold3_room6_mix002.csv,5,0,2,7,-12,192
fold3_room6_mix002.csv,9,0,2,7,-12,192
fold3_room6_mix002.csv,25,0,2,5,-13,189
fold3_room6_mix002.csv,99,0,2,6,-12,191
fold3_room6_mix002.csv,160,0,2,7,-14,183
fold3_room6_mix002.csv,169,0,2,7,-14,183
fold3_room6_mix002.csv,435,0,2,6,-13,188
fold3_room6_mix002.csv,459,0,2,10,-13,191
fold3_room6_mix002.csv,480,0,2,9,-12,193
fold3_room6_mix002.csv,494,0,2,8,-12,194
fold3_room6_mix002.csv,530,0,2,8,-12,195
fold3_room6_mix002.csv,599,0,2,7,-13,187
fold3_room6_mix002.csv,620,0,2,5,-12,194
fold3_room6_mix002.csv,629,0,2,8,-12,195
fold3_room6_mix002.csv,695,0,2,8,-12,192
fold3_room6_mix002.csv,704,0,2,5,-13,189
fold3_room6_mix002.csv,755,0,2,6,-13,186
fold3_room6_mix002.csv,764,0,2,5,-14,184
fold3_room6_mix002.csv,1190,0,2,7,-13,189
fold3_room6_mix002.csv,1224,0,2,9,-12,193
fold3_room6_mix002.csv,1350,0,2,9,-12,196
fold3_room6_mix002.csv,1359,0,2,9,-12,197
fold3_room6_mix002.csv,1455,0,2,8,-12,193
fold3_room6_mix002.csv,1494,0,2,6,-14,179
fold3_room6_mix002.csv,1510,0,2,9,-4,132
fold3_room6_mix002.csv,1514,0,2,4,-7,122
fold3_room6_mix002.csv,1965,0,2,7,-12,177
fold3_room6_mix002.csv,1969,0,2,7,-12,178
fold3_room6_mix002.csv,2020,0,2,7,-12,179
fold3_room6_mix002.csv,2029,0,2,4,-16,168
fold3_room6_mix002.csv,2100,0,2,6,-12,180
fold3_room6_mix002.csv,2109,0,2,6,-15,170
fold3_room6_mix002.csv,2465,0,2,6,-12,184
fold3_room6_mix002.csv,2474,0,2,6,-12,185
fold3_room6_mix002.csv,2530,0,2,8,-12,187
fold3_room6_mix002.csv,2544,0,2,6,-12,188
fold3_room6_mix003.csv,60,0,1,-12,-12,199
fold3_room6_mix003.csv,119,0,1,-15,-12,203
fold3_room6_mix003.csv,165,0,1,-12,-12,195
fold3_room6_mix003.csv,174,0,1,-12,-12,196
fold3_room6_mix003.csv,195,0,1,-12,-12,198
fold3_room6_mix003.csv,214,0,1,-12,-12,197
fold3_room6_mix003.csv,295,0,1,-13,-12,198
fold3_room6_mix003.csv,334,0,1,-14,-12,201
fold3_room6_mix003.csv,350,0,1,-14,-12,200
fold3_room6_mix003.csv,374,0,1,-12,-12,197
fold3_room6_mix003.csv,405,0,1,-12,-12,197
fold3_room6_mix003.csv,454,0,1,-14,-12,198
fold3_room6_mix003.csv,470,0,1,-14,-12,197
fold3_room6_mix003.csv,479,0,1,-12,-12,198
fold3_room6_mix003.csv,505,0,1,-12,-12,197
fold3_room6_mix003.csv,549,0,1,-12,-12,194
fold3_room6_mix003.csv,695,0,1,-10,-12,194
fold3_room6_mix003.csv,709,0,1,-11,-12,194
fold3_room6_mix003.csv,735,0,1,-11,-12,193
fold3_room6_mix003.csv,739,0,1,-14,-12,199
fold3_room6_mix003.csv,775,0,1,-10,-13,194
fold3_room6_mix003.csv,789,0,1,-14,-12,199
fold3_room6_mix003.csv,815,0,1,-13,-12,198
fold3_room6_mix003.csv,874,0,1,-13,-13,190
fold3_room6_mix003.csv,915,0,1,-10,-12,194
fold3_room6_mix003.csv,929,0,1,-11,-12,193
fold3_room6_mix003.csv,935,0,1,-11,-12,194
fold3_room6_mix003.csv,1014,0,1,-13,-12,198
fold3_room6_mix003.csv,1025,0,1,-13,-12,198
fold3_room6_mix003.csv,1034,0,1,-15,-12,200
fold3_room6_mix003.csv,1075,0,1,-14,-12,199
fold3_room6_mix003.csv,1114,0,1,-9,-13,194
fold3_room6_mix003.csv,1140,0,1,-10,-12,195
fold3_room6_mix003.csv,1174,0,1,-14,-12,198
fold3_room6_mix003.csv,1330,0,1,-12,-12,193
fold3_room6_mix003.csv,1404,0,1,-12,-12,195
fold3_room6_mix003.csv,1675,0,1,-12,-12,194
fold3_room6_mix003.csv,1719,0,1,-12,-12,193
fold3_room6_mix003.csv,1835,0,1,-12,-12,193
fold3_room6_mix003.csv,1844,0,1,-12,-12,196
fold3_room6_mix003.csv,1885,0,1,-11,-12,193
fold3_room6_mix003.csv,1939,0,1,-11,-12,195
fold3_room6_mix003.csv,2115,0,1,-10,-12,196
fold3_room6_mix003.csv,2149,0,1,-9,-13,191
fold3_room6_mix003.csv,2155,0,1,-9,-13,191
fold3_room6_mix003.csv,2164,0,1,-10,-12,194
fold3_room6_mix003.csv,2200,0,1,-14,-12,205
fold3_room6_mix003.csv,2239,0,1,-19,-12,213
fold3_room6_mix003.csv,2250,0,1,-19,-12,213
fold3_room6_mix003.csv,2259,0,1,-19,-12,211
fold3_room6_mix003.csv,2280,0,1,-18,-13,198
fold3_room6_mix003.csv,2289,0,1,-20,-12,209
fold3_room6_mix003.csv,2320,0,1,-11,-13,173
fold3_room6_mix003.csv,2329,0,1,-14,-13,175
fold3_room6_mix003.csv,2375,0,1,-19,-15,126
fold3_room6_mix003.csv,2379,0,1,-9,-8,124
fold3_room6_mix003.csv,2390,0,1,22,-5,103
fold3_room6_mix003.csv,2399,0,1,57,-5,120
fold3_room6_mix003.csv,2410,0,1,83,-4,125
fold3_room6_mix003.csv,2539,0,1,47,-6,126
fold3_room6_mix003.csv,2550,0,1,26,-7,107
fold3_room6_mix003.csv,2554,0,1,28,-7,104
fold3_room6_mix003.csv,2570,0,1,68,-8,123
fold3_room6_mix003.csv,2574,0,1,84,-8,120
fold3_room6_mix003.csv,2610,0,1,36,-4,124
fold3_room6_mix003.csv,2624,0,1,66,-6,121
fold3_room6_mix003.csv,2635,0,1,91,-4,125
fold3_room6_mix003.csv,2644,0,1,94,-3,136
fold3_room6_mix003.csv,2650,0,1,78,-3,130
fold3_room6_mix003.csv,2654,0,1,71,-4,126
fold3_room6_mix003.csv,2660,0,1,62,-5,108
fold3_room6_mix003.csv,2674,0,1,45,-4,122
fold3_room6_mix003.csv,2685,0,1,74,-5,128
fold3_room6_mix003.csv,2704,0,1,100,-3,134
fold3_room6_mix003.csv,2715,0,1,75,-4,121
fold3_room6_mix003.csv,2729,0,1,44,-6,107
fold3_room6_mix003.csv,2735,0,1,36,-4,123
fold3_room6_mix003.csv,2764,0,1,106,-6,117
fold3_room6_mix003.csv,2770,0,1,93,-7,114
fold3_room6_mix003.csv,2774,0,1,78,-7,116
fold3_room6_mix003.csv,2785,0,1,52,-6,99
fold3_room6_mix003.csv,2789,0,1,44,-7,101
fold3_room6_mix003.csv,2800,0,1,42,-5,105
fold3_room6_mix003.csv,2809,0,1,73,-6,116
fold3_room6_mix003.csv,2820,0,1,98,-6,104
fold3_room6_mix003.csv,2854,0,1,22,-7,108
fold3_room6_mix003.csv,2880,0,1,-23,-5,151
fold3_room6_mix003.csv,2894,0,1,-12,-12,175
fold3_room6_mix003.csv,2905,0,1,-10,-13,174
fold3_room6_mix003.csv,2929,0,1,-12,-13,176
fold3_room6_mix003.csv,2950,0,1,-13,-14,175
fold3_room6_mix003.csv,2964,0,1,-12,-13,176
fold3_room6_mix004.csv,50,0,1,-110,-7,238
fold3_room6_mix004.csv,64,0,1,-114,-9,224
fold3_room6_mix004.csv,110,0,1,-112,-8,233
fold3_room6_mix004.csv,269,0,1,-111,-8,231
fold3_room6_mix004.csv,280,0,1,-111,-8,231
fold3_room6_mix004.csv,294,0,1,-111,-8,230
fold3_room6_mix004.csv,495,0,1,-111,-8,229
fold3_room6_mix004.csv,539,0,1,-111,-8,230
fold3_room6_mix004.csv,630,0,1,-111,-8,230
fold3_room6_mix004.csv,634,0,1,-111,-8,228
fold3_room6_mix004.csv,640,0,1,-112,-8,229
fold3_room6_mix004.csv,649,0,1,-111,-8,231
fold3_room6_mix004.csv,655,0,1,-111,-8,230
fold3_room6_mix004.csv,664,0,1,-111,-8,229
fold3_room6_mix004.csv,715,0,1,-112,-8,229
fold3_room6_mix004.csv,719,0,1,-112,-8,229
fold3_room6_mix004.csv,780,0,1,-112,-8,228
fold3_room6_mix004.csv,809,0,1,-112,-8,231
fold3_room6_mix004.csv,905,0,1,-111,-8,228
fold3_room6_mix004.csv,919,0,1,-112,-7,236
fold3_room6_mix004.csv,930,0,1,-112,-13,184
fold3_room6_mix004.csv,974,0,1,-88,3,215
fold3_room6_mix004.csv,995,0,1,-118,2,146
fold3_room6_mix004.csv,1049,0,1,-159,3,192
fold3_room6_mix004.csv,1055,0,1,-159,3,193
fold3_room6_mix004.csv,1109,0,1,-158,3,193
fold3_room6_mix004.csv,1370,0,1,-160,2,185
fold3_room6_mix004.csv,1399,0,1,-159,3,194
fold3_room6_mix004.csv,1420,0,1,-156,3,195
fold3_room6_mix004.csv,1489,0,1,-158,3,193
fold3_room6_mix004.csv,1500,0,1,-159,3,192
fold3_room6_mix004.csv,1544,0,1,-159,3,194
fold3_room6_mix004.csv,1730,0,1,-163,2,189
fold3_room6_mix004.csv,1739,0,1,-164,2,193
fold3_room6_mix004.csv,1760,0,1,-165,-4,167
fold3_room6_mix004.csv,1804,0,1,-159,3,196
fold3_room6_mix004.csv,1815,0,1,-158,3,195
fold3_room6_mix004.csv,1834,0,1,-158,3,192
fold3_room6_mix004.csv,1925,0,1,-159,3,190
fold3_room6_mix004.csv,1929,0,1,-159,3,190
fold3_room6_mix004.csv,1970,0,1,-167,-1,191
fold3_room6_mix004.csv,2024,0,1,-167,-1,178
fold3_room6_mix004.csv,2035,0,1,-167,-1,179
fold3_room6_mix004.csv,2119,0,1,-166,-1,179
fold3_room6_mix004.csv,2225,0,1,-111,-8,231
fold3_room6_mix004.csv,2284,0,1,-111,-7,240
fold3_room6_mix004.csv,2335,0,1,-110,-7,239
fold3_room6_mix004.csv,2359,0,1,-110,-7,240
fold3_room6_mix004.csv,2410,0,1,-110,-7,239
fold3_room6_mix004.csv,2414,0,1,-110,-7,239
fold3_room6_mix004.csv,2720,0,1,-110,-7,239
fold3_room6_mix004.csv,2754,0,1,-112,-7,235
fold3_room6_mix004.csv,2770,0,1,-110,-8,244
fold3_room6_mix004.csv,2774,0,1,-111,-8,241
fold3_room6_mix004.csv,2795,0,1,-111,-8,240
fold3_room6_mix004.csv,2819,0,1,-111,-8,240
fold3_room6_mix005.csv,190,0,2,-16,-10,155
fold3_room6_mix005.csv,239,0,2,-16,-10,156
fold3_room6_mix005.csv,355,0,2,-16,-10,156
fold3_room6_mix005.csv,474,0,2,-17,-10,158
fold3_room6_mix005.csv,515,0,2,-17,-10,158
fold3_room6_mix005.csv,654,0,2,-16,-10,158
fold3_room6_mix005.csv,740,0,2,-16,-10,158
fold3_room6_mix005.csv,764,0,2,-17,-10,158
fold3_room6_mix005.csv,800,0,2,-17,-10,158
fold3_room6_mix005.csv,829,0,2,-17,-10,159
fold3_room6_mix005.csv,870,0,2,-17,-9,160
fold3_room6_mix005.csv,899,0,2,-23,-15,145
fold3_room6_mix005.csv,1535,0,2,-18,-10,154
fold3_room6_mix005.csv,1549,0,2,-16,-10,152
fold3_room6_mix005.csv,2090,0,2,-15,-9,158
fold3_room6_mix005.csv,2094,0,2,-14,-9,158
fold3_room6_mix005.csv,2105,0,2,-15,-10,153
fold3_room6_mix005.csv,2124,0,2,-15,-10,152
fold3_room6_mix006.csv,230,0,1,95,4,53
fold3_room6_mix006.csv,239,0,1,61,7,42
fold3_room6_mix006.csv,295,0,1,-130,5,109
fold3_room6_mix006.csv,344,0,1,-3,11,44
fold3_room6_mix006.csv,450,0,1,-129,6,103
fold3_room6_mix006.csv,499,0,1,-79,8,47
fold3_room6_mix006.csv,540,0,1,109,9,76
fold3_room6_mix006.csv,569,0,1,102,10,67
fold3_room6_mix006.csv,670,0,1,-14,-9,164
fold3_room6_mix006.csv,674,0,1,-14,-9,164
fold3_room6_mix006.csv,790,0,1,-13,-10,162
fold3_room6_mix006.csv,794,0,1,-13,-9,164
fold3_room6_mix006.csv,865,0,1,-14,-10,162
fold3_room6_mix006.csv,874,0,1,-14,-9,168
fold3_room7_mix004.csv,80,0,1,40,-11,226
fold3_room7_mix004.csv,184,0,1,40,-12,221
fold3_room7_mix004.csv,190,0,2,-37,-11,249
fold3_room7_mix004.csv,259,0,2,-37,-11,249
fold3_room7_mix004.csv,270,0,2,-37,-11,247
fold3_room7_mix004.csv,279,0,2,-38,-12,243
fold3_room7_mix004.csv,285,0,2,-37,-11,246
fold3_room7_mix004.csv,339,0,2,-37,-11,249
fold3_room7_mix004.csv,350,0,2,-37,-11,251
fold3_room7_mix004.csv,409,0,1,39,-11,226
fold3_room7_mix004.csv,420,0,2,-37,-11,249
fold3_room7_mix004.csv,479,0,1,39,-11,224
fold3_room7_mix004.csv,485,0,1,39,-11,224
fold3_room7_mix004.csv,499,0,2,-37,-11,245
fold3_room7_mix004.csv,510,0,2,-37,-11,244
fold3_room7_mix004.csv,549,0,2,-38,-11,248
fold3_room7_mix004.csv,560,0,2,-37,-11,248
fold3_room7_mix004.csv,599,0,2,-37,-11,248
fold3_room7_mix004.csv,610,0,1,40,-12,223
fold3_room7_mix004.csv,619,0,1,40,-11,225
fold3_room7_mix004.csv,630,0,2,-37,-11,250
fold3_room7_mix004.csv,639,0,2,-37,-11,249
fold3_room7_mix004.csv,650,0,1,40,-11,224
fold3_room7_mix004.csv,684,0,1,41,-11,222
fold3_room7_mix004.csv,690,0,2,-36,-11,250
fold3_room7_mix004.csv,719,0,2,-37,-11,247
fold3_room7_mix004.csv,735,0,1,40,-11,225
fold3_room7_mix004.csv,819,0,2,-37,-11,246
fold3_room7_mix004.csv,830,0,2,-37,-11,250
fold3_room7_mix004.csv,844,0,1,39,-11,225
fold3_room7_mix004.csv,860,0,1,40,-11,225
fold3_room7_mix004.csv,869,0,1,40,-11,225
fold3_room7_mix004.csv,875,0,1,39,-11,226
fold3_room7_mix004.csv,929,0,2,-37,-11,246
fold3_room7_mix004.csv,935,0,2,-36,-11,248
fold3_room7_mix004.csv,949,0,2,-36,-11,247
fold3_room7_mix004.csv,955,0,1,40,-11,225
fold3_room7_mix004.csv,1069,0,1,40,-12,221
fold3_room7_mix004.csv,1080,0,1,40,-12,222
fold3_room7_mix004.csv,1104,0,2,-37,-11,245
fold3_room7_mix004.csv,1115,0,1,40,-11,225
fold3_room7_mix004.csv,1234,0,2,-37,-11,248
fold3_room7_mix004.csv,1250,0,2,-37,-11,246
fold3_room7_mix004.csv,1264,0,2,-35,-11,254
fold3_room7_mix004.csv,1280,0,2,-37,-11,249
fold3_room7_mix004.csv,1324,0,2,-37,-11,247
fold3_room7_mix004.csv,1330,0,1,39,-11,225
fold3_room7_mix004.csv,1354,0,1,39,-11,224
fold3_room7_mix004.csv,1370,0,2,-37,-11,245
fold3_room7_mix004.csv,1439,0,2,-36,-11,249
fold3_room7_mix004.csv,1465,0,2,-38,-11,254
fold3_room7_mix004.csv,1474,0,2,-37,-11,250
fold3_room7_mix004.csv,1480,0,2,-38,-11,248
fold3_room7_mix004.csv,1499,0,2,-38,-11,246
fold3_room7_mix004.csv,1505,0,2,-37,-11,247
fold3_room7_mix004.csv,1549,0,2,-37,-11,249
fold3_room7_mix004.csv,1555,0,2,-37,-11,248
fold3_room7_mix004.csv,1594,0,2,-37,-11,248
fold3_room7_mix004.csv,1615,0,1,39,-11,224
fold3_room7_mix004.csv,1644,0,1,41,-12,221
fold3_room7_mix004.csv,1650,0,2,-37,-11,248
fold3_room7_mix004.csv,1699,0,2,-37,-11,246
fold3_room7_mix004.csv,1710,0,2,-38,-11,247
fold3_room7_mix004.csv,1739,0,2,-36,-11,248
fold3_room7_mix004.csv,1750,0,2,-37,-11,249
fold3_room7_mix004.csv,1759,0,2,-37,-11,248
fold3_room7_mix004.csv,1790,0,2,-37,-11,251
fold3_room7_mix004.csv,1819,0,2,-38,-11,250
fold3_room7_mix004.csv,1830,0,2,-37,-11,249
fold3_room7_mix004.csv,1844,0,2,-35,-11,243
fold3_room7_mix004.csv,1860,0,1,38,-11,228
fold3_room7_mix004.csv,1864,0,1,39,-11,226
fold3_room7_mix004.csv,1880,0,2,-37,-11,247
fold3_room7_mix004.csv,1909,0,1,39,-11,227
fold3_room7_mix004.csv,1915,0,2,-37,-11,246
fold3_room7_mix004.csv,1979,0,1,40,-11,224
fold3_room7_mix004.csv,1985,0,2,-37,-11,249
fold3_room7_mix004.csv,2024,0,2,-36,-11,248
fold3_room7_mix004.csv,2035,0,2,-37,-11,251
fold3_room7_mix004.csv,2049,0,2,-37,-11,247
fold3_room7_mix004.csv,2060,0,2,-37,-11,247
fold3_room7_mix004.csv,2084,0,2,-37,-11,246
fold3_room7_mix004.csv,2105,0,2,-38,-11,253
fold3_room7_mix004.csv,2124,0,2,-38,-11,252
fold3_room7_mix004.csv,2135,0,2,-37,-11,250
fold3_room7_mix004.csv,2184,0,1,40,-12,222
fold3_room7_mix004.csv,2195,0,2,-37,-11,250
fold3_room7_mix004.csv,2329,0,1,40,-12,223
fold3_room7_mix004.csv,2350,0,2,-38,-11,245
fold3_room7_mix004.csv,2389,0,2,-37,-11,248
fold3_room7_mix004.csv,2395,0,2,-37,-11,249
fold3_room7_mix004.csv,2429,0,2,-37,-11,249
fold3_room7_mix004.csv,2435,0,2,-37,-11,250
fold3_room7_mix004.csv,2454,0,2,-37,-11,247
fold3_room7_mix004.csv,2460,0,2,-37,-12,242
fold3_room7_mix004.csv,2579,0,2,-38,-12,243
fold3_room7_mix004.csv,2600,0,2,-37,-11,248
fold3_room7_mix004.csv,2609,0,2,-37,-11,248
fold3_room7_mix004.csv,2620,0,2,-37,-11,248
fold3_room7_mix004.csv,2649,0,2,-36,-12,246
fold3_room7_mix004.csv,2670,0,2,-37,-11,247
fold3_room7_mix004.csv,2704,0,2,-38,-11,248
fold3_room7_mix004.csv,2735,0,2,-38,-12,230
fold3_room7_mix004.csv,2754,0,2,-38,-13,226
fold3_room7_mix004.csv,2940,0,2,-40,-11,221
fold3_room7_mix004.csv,2949,0,2,-40,-11,218
fold3_room7_mix004.csv,2960,0,2,-40,-12,214
fold3_room7_mix004.csv,3009,0,2,-41,-12,213
fold3_room7_mix004.csv,3020,0,2,-41,-12,213
fold3_room7_mix004.csv,3039,0,2,-40,-12,213
fold3_room7_mix004.csv,3065,0,2,-40,-12,215
fold3_room7_mix004.csv,3109,0,2,-39,-12,219
fold3_room7_mix005.csv,50,0,1,-3,-14,169
fold3_room7_mix005.csv,89,0,2,-105,-19,232
fold3_room7_mix005.csv,95,0,1,-4,-15,162
fold3_room7_mix005.csv,174,0,1,-4,-14,165
fold3_room7_mix005.csv,180,0,2,-106,-19,231
fold3_room7_mix005.csv,184,0,2,-107,-19,232
fold3_room7_mix005.csv,200,0,2,-104,-20,229
fold3_room7_mix005.csv,209,0,2,-106,-20,228
fold3_room7_mix005.csv,215,0,1,-4,-15,163
fold3_room7_mix005.csv,239,0,1,-2,-15,163
fold3_room7_mix005.csv,245,0,2,-106,-20,226
fold3_room7_mix005.csv,264,0,2,-107,-20,226
fold3_room7_mix005.csv,270,0,2,-106,-20,226
fold3_room7_mix005.csv,289,0,2,-106,-20,228
fold3_room7_mix005.csv,300,0,1,-3,-15,164
fold3_room7_mix005.csv,309,0,1,-2,-14,165
fold3_room7_mix005.csv,320,0,2,-107,-19,230
fold3_room7_mix005.csv,404,0,2,-106,-20,228
fold3_room7_mix005.csv,410,0,2,-105,-20,229
fold3_room7_mix005.csv,479,0,2,-107,-19,229
fold3_room7_mix005.csv,490,0,2,-107,-19,228
fold3_room7_mix005.csv,509,0,2,-106,-19,230
fold3_room7_mix005.csv,525,0,2,-107,-19,231
fold3_room7_mix005.csv,529,0,2,-107,-19,230
fold3_room7_mix005.csv,540,0,2,-107,-19,228
fold3_room7_mix005.csv,589,0,1,-3,-15,164
fold3_room7_mix005.csv,595,0,2,-106,-19,230
fold3_room7_mix005.csv,614,0,2,-106,-19,229
fold3_room7_mix005.csv,625,0,2,-106,-20,223
fold3_room7_mix005.csv,679,0,2,-105,-19,229
fold3_room7_mix005.csv,690,0,2,-106,-19,232
fold3_room7_mix005.csv,709,0,1,-1,-15,165
fold3_room7_mix005.csv,720,0,1,-2,-15,165
fold3_room7_mix005.csv,734,0,1,-2,-15,165
fold3_room7_mix005.csv,750,0,2,-106,-19,229
fold3_room7_mix005.csv,834,0,1,-2,-15,163
fold3_room7_mix005.csv,840,0,2,-107,-19,231
fold3_room7_mix005.csv,849,0,2,-107,-19,231
fold3_room7_mix005.csv,855,0,1,-2,-16,163
fold3_room7_mix005.csv,859,0,1,-2,-15,163
fold3_room7_mix005.csv,865,0,2,-107,-20,229
fold3_room7_mix005.csv,944,0,2,-106,-19,230
fold3_room7_mix005.csv,950,0,2,-108,-19,229
fold3_room7_mix005.csv,974,0,2,-108,-19,231
fold3_room7_mix005.csv,995,0,2,-105,-19,230
fold3_room7_mix005.csv,1024,0,2,-106,-19,230
fold3_room7_mix005.csv,1035,0,2,-107,-20,227
fold3_room7_mix005.csv,1059,0,2,-106,-20,228
fold3_room7_mix005.csv,1075,0,1,-1,-15,165
fold3_room7_mix005.csv,1104,0,1,-1,-14,167
fold3_room7_mix005.csv,1125,0,2,-106,-19,233
fold3_room7_mix005.csv,1164,0,1,-2,-15,165
fold3_room7_mix005.csv,1175,0,2,-107,-20,223
fold3_room7_mix005.csv,1194,0,2,-105,-19,230
fold3_room7_mix005.csv,1225,0,2,-107,-19,230
fold3_room7_mix005.csv,1279,0,2,-107,-19,232
fold3_room7_mix005.csv,1285,0,2,-106,-19,233
fold3_room7_mix005.csv,1314,0,2,-106,-20,228
fold3_room7_mix005.csv,1330,0,2,-106,-19,229
fold3_room7_mix005.csv,1349,0,1,-3,-16,163
fold3_room7_mix005.csv,1360,0,2,-107,-19,230
fold3_room7_mix005.csv,1384,0,2,-107,-19,231
fold3_room7_mix005.csv,1420,0,2,-105,-18,246
fold3_room7_mix005.csv,1454,0,2,-107,-18,239
fold3_room7_mix005.csv,1465,0,2,-107,-19,237
fold3_room7_mix005.csv,1509,0,1,-4,-15,169
fold3_room7_mix005.csv,1520,0,1,-4,-15,169
fold3_room7_mix005.csv,1529,0,1,-3,-15,166
fold3_room7_mix005.csv,1540,0,2,-107,-19,236
fold3_room7_mix005.csv,1559,0,2,-107,-19,238
fold3_room7_mix005.csv,1565,0,2,-106,-19,242
fold3_room7_mix005.csv,1579,0,2,-107,-18,239
fold3_room7_mix005.csv,1595,0,1,-3,-15,166
fold3_room7_mix005.csv,1614,0,1,-3,-15,166
fold3_room7_mix005.csv,1625,0,2,-108,-18,240
fold3_room7_mix005.csv,1639,0,2,-107,-18,240
fold3_room7_mix005.csv,1655,0,1,-3,-16,162
fold3_room7_mix005.csv,1659,0,1,-3,-16,161
fold3_room7_mix005.csv,1665,0,2,-108,-19,236
fold3_room7_mix005.csv,1674,0,2,-108,-19,235
fold3_room7_mix005.csv,1685,0,2,-109,-19,236
fold3_room7_mix005.csv,1704,0,2,-107,-19,238
fold3_room7_mix005.csv,1710,0,2,-107,-19,238
fold3_room7_mix005.csv,1744,0,2,-106,-19,238
fold3_room7_mix005.csv,1760,0,2,-106,-19,240
fold3_room7_mix005.csv,1779,0,2,-105,-19,240
fold3_room7_mix005.csv,1790,0,2,-106,-19,240
fold3_room7_mix005.csv,1824,0,2,-106,-19,239
fold3_room7_mix005.csv,1835,0,2,-106,-18,242
fold3_room7_mix005.csv,1839,0,2,-106,-18,241
fold3_room7_mix005.csv,1845,0,2,-106,-18,241
fold3_room7_mix005.csv,1904,0,1,-5,-16,162
fold3_room7_mix005.csv,1915,0,2,-107,-19,234
fold3_room7_mix005.csv,1994,0,1,-3,-16,164
fold3_room7_mix005.csv,2005,0,2,-108,-19,232
fold3_room7_mix005.csv,2069,0,1,-2,-15,165
fold3_room7_mix005.csv,2075,0,2,-107,-19,232
fold3_room7_mix005.csv,2089,0,2,-107,-19,234
fold3_room7_mix005.csv,2235,0,1,-6,-16,159
fold3_room7_mix005.csv,2239,0,1,-9,-19,154
fold3_room7_mix005.csv,2250,0,1,-2,-16,162
fold3_room7_mix005.csv,2269,0,1,-2,-16,162
fold3_room7_mix005.csv,2280,0,1,-2,-16,161
fold3_room7_mix005.csv,2349,0,1,-1,-18,156
fold3_room7_mix005.csv,2355,0,1,-1,-17,156
fold3_room7_mix005.csv,2434,0,1,-3,-15,165
fold3_room7_mix006.csv,40,0,2,-74,-12,237
fold3_room7_mix006.csv,64,0,1,-3,-14,188
fold3_room7_mix006.csv,70,0,2,-75,-11,241
fold3_room7_mix006.csv,124,0,2,-74,-12,237
fold3_room7_mix006.csv,135,0,1,-3,-14,183
fold3_room7_mix006.csv,204,0,2,-74,-12,232
fold3_room7_mix006.csv,230,0,2,-75,-12,233
fold3_room7_mix006.csv,309,0,1,-4,-14,187
fold3_room7_mix006.csv,315,0,2,-75,-12,237
fold3_room7_mix006.csv,384,0,1,-3,-15,181
fold3_room7_mix006.csv,390,0,2,-75,-11,237
fold3_room7_mix006.csv,464,0,2,-75,-11,237
fold3_room7_mix006.csv,475,0,2,-76,-11,237
fold3_room7_mix006.csv,519,0,2,-76,-12,234
fold3_room7_mix006.csv,525,0,1,-4,-14,187
fold3_room7_mix006.csv,539,0,2,-75,-12,236
fold3_room7_mix006.csv,570,0,2,-75,-12,236
fold3_room7_mix006.csv,604,0,1,-6,-15,183
fold3_room7_mix006.csv,615,0,2,-74,-12,235
fold3_room7_mix006.csv,629,0,1,-9,-17,179
fold3_room7_mix006.csv,2720,0,1,-3,-13,201
fold3_room7_mix006.csv,2739,0,1,-3,-13,201
fold3_room7_mix006.csv,2755,0,1,-3,-13,202
fold3_room7_mix006.csv,2764,0,1,-3,-13,202
fold3_room7_mix006.csv,2775,0,1,-4,-14,196
fold3_room7_mix006.csv,2789,0,1,-4,-14,197
fold3_room7_mix006.csv,2800,0,1,-4,-14,197
fold3_room7_mix006.csv,2819,0,1,-4,-14,197
fold3_room7_mix006.csv,2840,0,1,-4,-14,197
fold3_room7_mix006.csv,2864,0,1,-4,-14,197
fold3_room7_mix006.csv,2870,0,2,-76,-12,235
fold3_room7_mix006.csv,2874,0,2,-76,-12,234
fold3_room7_mix006.csv,2905,0,1,-4,-14,195
fold3_room7_mix006.csv,2929,0,2,-77,-12,236
fold3_room7_mix006.csv,2935,0,1,-3,-13,200
fold3_room7_mix006.csv,2949,0,1,-6,-14,211
fold3_room7_mix006.csv,2970,0,1,-4,-14,195
fold3_room7_mix006.csv,2984,0,1,-3,-13,197
fold3_room7_mix006.csv,2990,0,2,-76,-12,235
fold3_room7_mix006.csv,3009,0,2,-76,-12,234
fold3_room7_mix006.csv,3020,0,2,-76,-12,233
fold3_room7_mix006.csv,3034,0,2,-75,-12,233
fold3_room7_mix006.csv,3040,0,1,-3,-14,197
fold3_room7_mix006.csv,3044,0,1,-3,-14,197
fold3_room7_mix006.csv,3050,0,2,-76,-12,234
fold3_room7_mix006.csv,3069,0,2,-76,-12,232
fold3_room7_mix006.csv,3085,0,1,-3,-13,198
fold3_room7_mix006.csv,3124,0,1,-2,-13,193
fold3_room7_mix006.csv,3140,0,2,-76,-12,230
fold3_room7_mix006.csv,3149,0,2,-76,-12,232
fold3_room7_mix006.csv,3160,0,1,-2,-13,196
fold3_room7_mix006.csv,3184,0,1,-2,-13,196
fold3_room7_mix006.csv,3195,0,1,-2,-14,195
fold3_room7_mix006.csv,3219,0,2,-76,-12,234
fold3_room7_mix006.csv,3250,0,1,-6,-16,184
fold3_room7_mix006.csv,3264,0,1,-5,-14,188
fold3_room7_mix006.csv,3295,0,1,-5,-14,186
fold3_room7_mix006.csv,3304,0,1,-3,-14,186
fold3_room9_mix001.csv,45,0,1,50,-10,202
fold3_room9_mix001.csv,99,0,1,53,-10,198
fold3_room9_mix001.csv,110,0,1,52,-10,199
fold3_room9_mix001.csv,144,0,1,52,-9,206
fold3_room9_mix001.csv,155,0,1,55,-9,209
fold3_room9_mix001.csv,209,0,1,52,-10,201
fold3_room9_mix001.csv,215,0,2,49,-12,161
fold3_room9_mix001.csv,239,0,2,47,-9,158
fold3_room9_mix001.csv,305,0,2,-21,-5,205
fold3_room9_mix001.csv,319,0,2,-23,-3,201
fold3_room9_mix001.csv,335,0,2,-21,-3,207
fold3_room9_mix001.csv,424,0,2,-26,-3,207
fold3_room9_mix001.csv,435,0,1,55,-11,196
fold3_room9_mix001.csv,509,0,2,-27,-3,205
fold3_room9_mix001.csv,515,0,2,-27,-3,207
fold3_room9_mix001.csv,529,0,2,-26,-3,206
fold3_room9_mix001.csv,535,0,2,-26,-3,205
fold3_room9_mix001.csv,544,0,2,-27,-4,200
fold3_room9_mix001.csv,565,0,1,55,-11,198
fold3_room9_mix001.csv,574,0,1,55,-11,196
fold3_room9_mix001.csv,580,0,2,-26,-4,205
fold3_room9_mix001.csv,594,0,2,-25,-3,208
fold3_room9_mix001.csv,600,0,2,-25,-3,206
fold3_room9_mix001.csv,649,0,2,-26,-3,209
fold3_room9_mix001.csv,655,0,2,-26,-3,210
fold3_room9_mix001.csv,799,0,2,-27,-3,212
fold3_room9_mix001.csv,815,0,2,-27,-3,212
fold3_room9_mix001.csv,844,0,2,-26,-3,212
fold3_room9_mix001.csv,865,0,2,-27,-3,213
fold3_room9_mix001.csv,909,0,2,-33,-3,225
fold3_room9_mix001.csv,915,0,2,-33,-3,225
fold3_room9_mix001.csv,924,0,2,-32,-3,222
fold3_room9_mix001.csv,945,0,1,54,-10,199
fold3_room9_mix001.csv,974,0,2,-31,-3,220
fold3_room9_mix001.csv,980,0,2,-31,-3,221
fold3_room9_mix001.csv,1054,0,2,-31,-3,225
fold3_room9_mix001.csv,1060,0,2,-31,-3,225
fold3_room9_mix001.csv,1074,0,2,-31,-3,225
fold3_room9_mix001.csv,1090,0,1,54,-10,199
fold3_room9_mix001.csv,1274,0,2,-29,-3,227
fold3_room9_mix001.csv,1520,0,1,51,-9,204
fold3_room9_mix001.csv,1694,0,1,51,-9,208
fold3_room9_mix001.csv,1705,0,1,51,-9,208
fold3_room9_mix001.csv,1754,0,1,50,-9,208
fold3_room9_mix002.csv,40,0,1,56,-9,214
fold3_room9_mix002.csv,84,0,1,53,-9,216
fold3_room9_mix002.csv,90,0,2,-99,-10,261
fold3_room9_mix002.csv,154,0,2,-98,-10,263
fold3_room9_mix002.csv,160,0,1,53,-9,215
fold3_room9_mix002.csv,284,0,1,53,-9,217
fold3_room9_mix002.csv,290,0,2,-99,-10,262
fold3_room9_mix002.csv,359,0,1,53,-10,214
fold3_room9_mix002.csv,365,0,2,-99,-10,262
fold3_room9_mix002.csv,439,0,1,52,-9,218
fold3_room9_mix002.csv,455,0,2,-99,-10,262
fold3_room9_mix002.csv,624,0,1,51,-10,218
fold3_room9_mix002.csv,655,0,1,54,-10,216
fold3_room9_mix002.csv,659,0,1,53,-10,216
fold3_room9_mix002.csv,665,0,2,-100,-10,259
fold3_room9_mix002.csv,674,0,2,-100,-10,260
fold3_room9_mix002.csv,960,0,2,-100,-10,247
fold3_room9_mix002.csv,969,0,2,-99,-9,260
fold3_room9_mix002.csv,980,0,2,-99,-10,258
fold3_room9_mix002.csv,1019,0,2,-100,-10,260
fold3_room9_mix002.csv,1035,0,2,-99,-10,260
fold3_room9_mix002.csv,1094,0,2,-99,-9,263
fold3_room9_mix002.csv,1105,0,2,-100,-9,262
fold3_room9_mix002.csv,1124,0,2,-99,-9,264
fold3_room9_mix002.csv,1145,0,2,-99,-9,263
fold3_room9_mix002.csv,1199,0,2,-99,-9,264
fold3_room9_mix002.csv,1210,0,2,-99,-9,263
fold3_room9_mix002.csv,1279,0,2,-99,-9,263
fold3_room9_mix002.csv,1290,0,2,-99,-9,262
fold3_room9_mix002.csv,1294,0,2,-99,-9,263
fold3_room9_mix002.csv,1310,0,2,-99,-9,263
fold3_room9_mix002.csv,1329,0,2,-100,-9,255
fold3_room9_mix002.csv,1380,0,2,-99,-9,266
fold3_room9_mix002.csv,1384,0,2,-99,-9,262
fold3_room9_mix002.csv,1390,0,1,53,-9,220
fold3_room9_mix002.csv,1434,0,2,-99,-9,264
fold3_room9_mix002.csv,1445,0,2,-99,-9,264
fold3_room9_mix002.csv,1494,0,2,-98,-9,262
fold3_room9_mix002.csv,1605,0,1,-72,1,226
fold3_room9_mix002.csv,1624,0,2,-99,-11,250
fold3_room9_mix003.csv,45,0,1,97,-11,200
fold3_room9_mix003.csv,59,0,1,96,-11,198
fold3_room9_mix003.csv,65,0,2,54,-13,209
fold3_room9_mix003.csv,74,0,2,55,-14,205
fold3_room9_mix003.csv,85,0,1,96,-11,199
fold3_room9_mix003.csv,154,0,2,55,-13,211
fold3_room9_mix003.csv,160,0,1,97,-11,199
fold3_room9_mix003.csv,179,0,1,96,-11,199
fold3_room9_mix003.csv,185,0,1,96,-11,200
fold3_room9_mix003.csv,244,0,1,112,-13,203
fold3_room9_mix003.csv,400,0,1,96,-9,199
fold3_room9_mix003.csv,424,0,2,51,-13,218
fold3_room9_mix003.csv,530,0,1,100,-9,200
fold3_room9_mix003.csv,569,0,1,99,-8,202
fold3_room9_mix003.csv,575,0,1,95,-9,196
fold3_room9_mix003.csv,589,0,1,93,-10,194
fold3_room9_mix003.csv,600,0,2,56,-13,204
fold3_room9_mix003.csv,614,0,1,96,-9,199
fold3_room9_mix003.csv,620,0,2,53,-13,212
fold3_room9_mix003.csv,669,0,2,50,-12,213
fold3_room9_mix003.csv,710,0,2,51,-12,217
fold3_room9_mix003.csv,719,0,2,53,-12,215
fold3_room9_mix003.csv,725,0,1,88,-11,217
fold3_room9_mix003.csv,779,0,1,107,-9,197
fold3_room9_mix003.csv,785,0,2,57,-13,213
fold3_room9_mix003.csv,789,0,2,56,-13,213
fold3_room9_mix003.csv,875,0,2,54,-13,209
fold3_room9_mix003.csv,889,0,1,96,-8,206
fold3_room9_mix003.csv,900,0,1,97,-8,204
fold3_room9_mix003.csv,914,0,1,97,-9,202
fold3_room9_mix003.csv,940,0,1,97,-8,202
fold3_room9_mix003.csv,969,0,2,52,-12,220
fold3_room9_mix003.csv,975,0,1,97,-8,208
fold3_room9_mix003.csv,984,0,1,96,-8,205
fold3_room9_mix003.csv,990,0,2,52,-12,216
fold3_room9_mix003.csv,1029,0,1,98,-8,201
fold3_room9_mix003.csv,1130,0,1,103,-8,210
fold3_room9_mix003.csv,1154,0,1,92,-10,199
fold3_room9_mix003.csv,1160,0,2,57,-17,188
fold3_room9_mix003.csv,1184,0,2,51,-13,217
fold3_room9_mix003.csv,1195,0,2,51,-13,216
fold3_room9_mix003.csv,1204,0,2,50,-13,215
fold3_room9_mix003.csv,1245,0,2,52,-12,218
fold3_room9_mix003.csv,1254,0,2,55,-13,218
fold3_room9_mix003.csv,1260,0,1,105,-9,201
fold3_room9_mix003.csv,1279,0,1,98,-9,200
fold3_room9_mix003.csv,1415,0,2,53,-13,213
fold3_room9_mix003.csv,1419,0,2,54,-13,208
fold3_room9_mix003.csv,1425,0,1,93,-10,201
fold3_room9_mix003.csv,1429,0,1,96,-9,201
fold3_room9_mix003.csv,1545,0,1,98,-8,202
fold3_room9_mix003.csv,1579,0,2,52,-12,220
fold3_room9_mix003.csv,1605,0,1,97,-10,190
fold3_room9_mix003.csv,1609,0,1,98,-9,190
fold3_room9_mix004.csv,45,0,1,97,-10,204
fold3_room9_mix004.csv,74,0,1,97,-10,203
fold3_room9_mix004.csv,85,0,2,-62,-15,171
fold3_room9_mix004.csv,104,0,1,97,-10,204
fold3_room9_mix004.csv,115,0,2,-59,-15,171
fold3_room9_mix004.csv,134,0,2,-60,-16,167
fold3_room9_mix004.csv,145,0,1,99,-11,200
fold3_room9_mix004.csv,149,0,1,99,-11,200
fold3_room9_mix004.csv,155,0,1,99,-10,200
fold3_room9_mix004.csv,254,0,2,-60,-15,172
fold3_room9_mix004.csv,265,0,1,102,-13,182
fold3_room9_mix004.csv,294,0,1,96,-10,208
fold3_room9_mix004.csv,300,0,1,97,-9,213
fold3_room9_mix004.csv,359,0,1,99,-9,221
fold3_room9_mix004.csv,365,0,1,99,-8,222
fold3_room9_mix004.csv,449,0,1,100,-9,221
fold3_room9_mix004.csv,455,0,2,-60,-15,172
fold3_room9_mix004.csv,494,0,1,100,-9,219
fold3_room9_mix004.csv,500,0,2,-59,-15,172
fold3_room9_mix004.csv,584,0,1,100,-9,216
fold3_room9_mix004.csv,590,0,2,-60,-15,171
fold3_room9_mix004.csv,624,0,2,-60,-15,172
fold3_room9_mix004.csv,635,0,2,-61,-15,164
fold3_room9_mix004.csv,689,0,1,99,-9,218
fold3_room9_mix004.csv,710,0,1,99,-9,218
fold3_room9_mix004.csv,719,0,1,100,-9,218
fold3_room9_mix004.csv,725,0,2,-60,-15,170
fold3_room9_mix004.csv,734,0,2,-60,-15,171
fold3_room9_mix004.csv,775,0,2,-60,-14,173
fold3_room9_mix004.csv,794,0,1,100,-9,218
fold3_room9_mix004.csv,860,0,1,100,-9,219
fold3_room9_mix004.csv,929,0,1,96,-9,233
fold3_room9_mix004.csv,935,0,1,95,-9,230
fold3_room9_mix004.csv,949,0,2,-58,-14,174
fold3_room9_mix004.csv,955,0,1,97,-9,233
fold3_room9_mix004.csv,959,0,1,100,-8,221
fold3_room9_mix004.csv,965,0,2,-61,-14,173
fold3_room9_mix004.csv,1024,0,2,-60,-14,174
fold3_room9_mix004.csv,1030,0,1,98,-8,225
fold3_room9_mix004.csv,1039,0,1,98,-9,225
fold3_room9_mix004.csv,1045,0,2,-60,-14,172
fold3_room9_mix004.csv,1074,0,2,-60,-14,172
fold3_room9_mix004.csv,1105,0,2,-60,-14,175
fold3_room9_mix004.csv,1134,0,2,-60,-14,172
fold3_room9_mix004.csv,1140,0,1,99,-9,222
fold3_room9_mix004.csv,1149,0,1,99,-9,222
fold3_room9_mix004.csv,1210,0,1,99,-9,223
fold3_room9_mix004.csv,1244,0,1,100,-9,221
fold3_room9_mix004.csv,1250,0,2,-60,-14,171
fold3_room9_mix004.csv,1259,0,2,-61,-14,173
fold3_room9_mix004.csv,1265,0,1,100,-9,221
fold3_room9_mix004.csv,1279,0,1,99,-9,219
fold3_room9_mix004.csv,1290,0,2,-60,-14,171
fold3_room9_mix004.csv,1324,0,1,99,-9,221
fold3_room9_mix004.csv,1330,0,1,99,-9,221
fold3_room9_mix004.csv,1374,0,1,98,-9,223
fold3_room9_mix004.csv,1380,0,2,-60,-15,169
fold3_room9_mix004.csv,1394,0,2,-59,-14,173
fold3_room9_mix004.csv,1400,0,1,99,-9,218
fold3_room9_mix004.csv,1414,0,1,99,-9,218
fold3_room9_mix005.csv,25,0,2,-69,-16,152
fold3_room9_mix005.csv,29,0,2,-68,-16,151
fold3_room9_mix005.csv,45,0,2,-68,-16,151
fold3_room9_mix005.csv,59,0,2,-69,-16,151
fold3_room9_mix005.csv,70,0,2,-68,-16,151
fold3_room9_mix005.csv,89,0,2,-69,-16,151
fold3_room9_mix005.csv,285,0,2,-69,-17,151
fold3_room9_mix005.csv,324,0,2,-66,-13,172
fold3_room9_mix005.csv,375,0,2,54,-9,162
fold3_room9_mix005.csv,389,0,2,54,-10,159
fold3_room9_mix005.csv,535,0,2,42,-3,169
fold3_room9_mix005.csv,564,0,2,-19,-3,155
fold3_room9_mix005.csv,590,0,2,-31,-1,235
fold3_room9_mix005.csv,749,0,2,-37,-2,249
fold3_room9_mix005.csv,775,0,2,-38,-1,247
fold3_room9_mix005.csv,784,0,2,-37,-1,248
fold3_room9_mix005.csv,820,0,2,-37,-1,250
fold3_room9_mix005.csv,864,0,2,-37,-1,248
fold3_room9_mix005.csv,900,0,2,-37,-2,245
fold3_room9_mix005.csv,929,0,2,-37,-2,230
fold3_room9_mix005.csv,940,0,2,-37,-1,234
fold3_room9_mix005.csv,949,0,2,-37,-1,239
fold3_room9_mix005.csv,955,0,2,-38,-1,242
fold3_room9_mix005.csv,979,0,2,-35,-2,250
fold3_room9_mix005.csv,985,0,2,-35,-2,252
fold3_room9_mix005.csv,1004,0,2,-38,-2,248
fold3_room9_mix005.csv,1020,0,2,-38,-1,243
fold3_room9_mix005.csv,1039,0,2,-38,-2,250
fold3_room9_mix005.csv,1045,0,2,-38,-2,250
fold3_room9_mix005.csv,1059,0,2,-36,-3,248
fold3_room9_mix005.csv,1080,0,2,-39,-1,248
fold3_room9_mix005.csv,1094,0,2,-39,-1,248
fold3_room9_mix005.csv,1105,0,2,-39,-2,249
fold3_room9_mix005.csv,1224,0,2,-38,-1,244
fold3_room9_mix005.csv,1260,0,2,-39,-1,241
fold3_room9_mix005.csv,1469,0,2,-36,-1,247
fold3_room9_mix005.csv,1475,0,2,-37,-1,245
fold3_room9_mix005.csv,1484,0,2,-36,-1,237
fold3_room9_mix005.csv,1495,0,2,-37,-1,199
fold3_room9_mix005.csv,1514,0,2,-59,-9,100
fold3_room9_mix006.csv,750,0,1,50,-12,203
fold3_room9_mix006.csv,764,0,1,38,-12,177
fold3_room9_mix006.csv,795,0,1,-18,-2,143
fold3_room9_mix006.csv,809,0,1,-59,-3,204
fold3_room9_mix006.csv,955,0,1,-78,-2,237
fold3_room9_mix006.csv,989,0,1,-80,-2,241
fold3_room9_mix006.csv,1070,0,1,-79,-2,243
fold3_room9_mix006.csv,1084,0,1,-78,-2,237
fold3_room9_mix006.csv,1175,0,1,-78,-3,237
fold3_room9_mix006.csv,1249,0,1,-76,-2,243
fold3_room9_mix006.csv,1355,0,1,-77,-1,257
fold3_room9_mix006.csv,1379,0,1,-71,-2,238
fold3_room9_mix006.csv,1395,0,1,-67,-2,222
fold3_room9_mix006.csv,1399,0,1,-59,-2,218
fold3_room9_mix007.csv,15,0,2,-77,-14,166
fold3_room9_mix007.csv,24,0,2,-78,-14,165
fold3_room9_mix007.csv,35,0,2,-78,-14,164
fold3_room9_mix007.csv,44,0,2,-79,-14,166
fold3_room9_mix007.csv,90,0,2,-77,-15,162
fold3_room9_mix007.csv,134,0,2,-77,-14,165
fold3_room9_mix007.csv,175,0,2,-77,-14,166
fold3_room9_mix007.csv,184,0,2,-76,-14,166
fold3_room9_mix007.csv,195,0,2,-76,-14,167
fold3_room9_mix007.csv,209,0,2,-76,-14,167
fold3_room9_mix007.csv,255,0,2,-76,-14,166
fold3_room9_mix007.csv,284,0,2,-75,-14,166
fold3_room9_mix007.csv,290,0,2,-76,-14,167
fold3_room9_mix007.csv,334,0,2,-74,-14,164
fold3_room9_mix007.csv,410,0,2,-76,-14,167
fold3_room9_mix007.csv,434,0,2,-76,-15,162
fold3_room9_mix007.csv,465,0,2,-73,-14,169
fold3_room9_mix007.csv,469,0,2,-73,-15,164
fold3_room9_mix007.csv,480,0,2,-72,-15,159
fold3_room9_mix007.csv,504,0,2,-71,-18,150
fold3_room9_mix007.csv,570,0,2,-71,-14,169
fold3_room9_mix007.csv,599,0,2,-69,-14,171
fold3_room9_mix007.csv,645,0,2,-71,-14,170
fold3_room9_mix007.csv,669,0,2,-72,-14,170
fold3_room9_mix007.csv,740,0,2,-74,-14,168
fold3_room9_mix007.csv,759,0,2,-74,-14,169
fold3_room9_mix007.csv,820,0,2,-73,-15,167
fold3_room9_mix007.csv,839,0,2,-73,-15,168
fold3_room9_mix007.csv,855,0,2,-74,-15,167
fold3_room9_mix007.csv,869,0,2,-73,-15,165
fold3_room9_mix007.csv,905,0,2,-73,-14,166
fold3_room9_mix007.csv,914,0,2,-74,-14,168
fold3_room9_mix007.csv,980,0,2,-73,-14,169
fold3_room9_mix007.csv,994,0,2,-73,-14,169
fold3_room9_mix007.csv,1060,0,2,-73,-14,170
fold3_room9_mix007.csv,1099,0,2,-73,-14,167
fold3_room9_mix007.csv,1125,0,2,-74,-14,168
fold3_room9_mix007.csv,1139,0,2,-77,-14,169
fold3_room9_mix007.csv,1150,0,2,-71,-14,167
fold3_room9_mix007.csv,1159,0,2,-72,-14,169
fold3_room9_mix007.csv,1185,0,2,-71,-14,170
fold3_room9_mix007.csv,1199,0,2,-72,-14,170
fold3_room9_mix007.csv,1270,0,2,-72,-14,170
fold3_room9_mix007.csv,1284,0,2,-71,-14,169
fold3_room9_mix007.csv,1305,0,2,-72,-14,170
fold3_room9_mix007.csv,1314,0,2,-72,-14,171
fold3_room9_mix007.csv,1330,0,2,-72,-15,163
fold3_room9_mix007.csv,1339,0,2,-75,-17,156
fold3_room9_mix007.csv,1365,0,2,-74,-17,158
fold3_room9_mix007.csv,1389,0,2,-70,-13,173
fold3_room9_mix007.csv,1425,0,2,-72,-14,170
fold3_room9_mix007.csv,1479,0,2,-71,-14,170
fold3_room9_mix007.csv,1525,0,2,-74,-14,174
fold3_room9_mix007.csv,1534,0,2,-75,-14,171
fold3_room9_mix007.csv,1540,0,2,-73,-14,170
fold3_room9_mix007.csv,1554,0,2,-71,-14,165
fold3_room9_mix007.csv,1570,0,2,-72,-14,168
fold3_room9_mix007.csv,1574,0,2,-72,-14,169
fold3_room9_mix008.csv,15,0,1,100,-12,219
fold3_room9_mix008.csv,19,0,1,100,-12,219
fold3_room9_mix008.csv,30,0,1,101,-12,215
fold3_room9_mix008.csv,44,0,1,100,-12,215
fold3_room9_mix008.csv,60,0,1,100,-12,213
fold3_room9_mix008.csv,79,0,1,101,-12,216
fold3_room9_mix008.csv,100,0,1,101,-12,215
fold3_room9_mix008.csv,124,0,1,100,-12,218
fold3_room9_mix008.csv,135,0,1,99,-12,217
fold3_room9_mix008.csv,159,0,1,101,-12,217
fold3_room9_mix008.csv,170,0,1,99,-12,216
fold3_room9_mix008.csv,179,0,1,101,-12,216
fold3_room9_mix008.csv,185,0,1,101,-12,218
fold3_room9_mix008.csv,194,0,1,99,-12,214
fold3_room9_mix008.csv,205,0,1,99,-12,214
fold3_room9_mix008.csv,224,0,1,101,-12,216
fold3_room9_mix008.csv,230,0,1,100,-12,214
fold3_room9_mix008.csv,259,0,1,101,-12,212
fold3_room9_mix008.csv,290,0,1,100,-12,214
fold3_room9_mix008.csv,324,0,1,100,-12,222
fold3_room9_mix008.csv,345,0,1,100,-12,222
fold3_room9_mix008.csv,364,0,1,100,-12,220
fold3_room9_mix008.csv,385,0,1,100,-12,221
fold3_room9_mix008.csv,389,0,1,100,-12,220
fold3_room9_mix008.csv,400,0,1,100,-12,217
fold3_room9_mix008.csv,429,0,1,100,-11,217
fold3_room9_mix008.csv,435,0,1,99,-12,207
fold3_room9_mix008.csv,444,0,1,99,-12,202
fold3_room9_mix008.csv,460,0,1,100,-12,214
fold3_room9_mix008.csv,469,0,1,100,-12,214
fold3_room9_mix008.csv,480,0,1,99,-12,213
fold3_room9_mix008.csv,484,0,1,100,-12,211
fold3_room9_mix008.csv,500,0,1,100,-12,213
fold3_room9_mix008.csv,514,0,1,100,-12,211
fold3_room9_mix008.csv,540,0,1,100,-12,213
fold3_room9_mix008.csv,594,0,1,99,-12,211
fold3_room9_mix008.csv,615,0,1,100,-12,219
fold3_room9_mix008.csv,689,0,1,100,-12,211
fold3_room9_mix008.csv,700,0,1,101,-12,214
fold3_room9_mix008.csv,704,0,1,101,-12,215
fold3_room9_mix008.csv,715,0,1,100,-12,217
fold3_room9_mix008.csv,729,0,1,100,-12,211
fold3_room9_mix008.csv,735,0,1,99,-12,212
fold3_room9_mix008.csv,744,0,1,100,-12,212
fold3_room9_mix008.csv,780,0,1,100,-12,212
fold3_room9_mix008.csv,784,0,1,100,-12,213
fold3_room9_mix008.csv,885,0,1,100,-12,210
fold3_room9_mix008.csv,894,0,1,100,-12,212
fold3_room9_mix008.csv,915,0,1,99,-12,211
fold3_room9_mix008.csv,944,0,1,99,-12,212
fold3_room9_mix008.csv,965,0,1,100,-12,217
fold3_room9_mix008.csv,969,0,1,99,-12,213
fold3_room9_mix008.csv,1005,0,1,99,-12,213
fold3_room9_mix008.csv,1024,0,1,100,-13,206
fold3_room9_mix008.csv,1035,0,1,99,-12,214
fold3_room9_mix008.csv,1044,0,1,99,-12,218
fold3_room9_mix008.csv,1065,0,1,99,-12,208
fold3_room9_mix008.csv,1089,0,1,98,-12,210
fold3_room9_mix008.csv,1110,0,1,99,-12,207
fold3_room9_mix008.csv,1129,0,1,99,-13,206
fold3_room9_mix008.csv,1190,0,1,99,-13,205
fold3_room9_mix008.csv,1194,0,1,100,-13,206
fold3_room9_mix008.csv,1230,0,1,100,-13,205
fold3_room9_mix008.csv,1234,0,1,100,-13,205
fold3_room9_mix008.csv,1295,0,1,100,-13,206
fold3_room9_mix008.csv,1304,0,1,100,-13,207
fold3_room9_mix008.csv,1320,0,1,100,-13,206
fold3_room9_mix008.csv,1344,0,1,97,-12,214
fold3_room9_mix008.csv,1370,0,1,100,-12,209
fold3_room9_mix008.csv,1414,0,1,100,-13,205
fold3_room9_mix008.csv,1425,0,1,101,-13,204
fold3_room9_mix008.csv,1464,0,1,99,-13,205
fold3_room9_mix008.csv,1480,0,1,99,-13,205
fold3_room9_mix008.csv,1509,0,1,99,-11,210
fold3_room9_mix008.csv,1520,0,1,98,-12,206
fold3_room9_mix008.csv,1529,0,1,100,-12,204
fold3_room9_mix008.csv,1550,0,1,100,-13,205
fold3_room9_mix008.csv,1554,0,1,99,-13,205
fold3_room9_mix008.csv,1595,0,1,99,-13,205
fold3_room9_mix008.csv,1609,0,1,99,-13,204
fold3_room9_mix008.csv,1725,0,1,99,-13,207
fold3_room9_mix008.csv,1729,0,1,99,-13,205
fold3_room9_mix008.csv,1760,0,1,99,-12,207
fold3_room9_mix008.csv,1809,0,1,98,-13,203
fold3_room9_mix008.csv,1820,0,1,98,-13,204
fold3_room9_mix008.csv,1834,0,1,99,-13,205
fold3_room9_mix008.csv,1860,0,1,98,-13,205
fold3_room9_mix008.csv,1879,0,1,100,-13,205
fold3_room9_mix008.csv,1915,0,1,98,-13,206
fold3_room9_mix008.csv,1929,0,1,99,-13,205
fold3_room9_mix008.csv,1990,0,1,99,-13,206
fold3_room9_mix008.csv,2009,0,1,99,-12,207
fold3_room9_mix008.csv,2015,0,1,99,-12,208
fold3_room9_mix008.csv,2049,0,1,101,-12,224
fold3_room9_mix008.csv,2070,0,1,103,-12,226
fold3_room9_mix008.csv,2074,0,1,102,-12,225
fold3_room9_mix008.csv,2105,0,1,101,-11,230
fold3_room9_mix008.csv,2114,0,1,102,-12,224
