source_file,frame_number,active_class_index,source_number_index,azimuth,elevation,distance,segment_length
fold3_room12_mix001.csv,33,0,1,-169,-11,156,21
fold3_room12_mix001.csv,64,0,1,-170,-11,155,12
fold3_room12_mix001.csv,131,0,1,-170,-11,154,21
fold3_room12_mix001.csv,162,0,1,-170,-11,155,4
fold3_room12_mix001.csv,183,0,1,-170,-11,155,26
fold3_room12_mix001.csv,256,0,1,-170,-11,155,5
fold3_room12_mix001.csv,285,0,1,-170,-11,155,29
fold3_room12_mix001.csv,325,0,1,-170,-11,155,17
fold3_room12_mix001.csv,350,0,1,-170,-11,155,5
fold3_room12_mix001.csv,395,0,1,-170,-11,154,14
fold3_room12_mix001.csv,417,0,1,-170,-11,155,8
fold3_room12_mix001.csv,435,0,1,-170,-11,155,27
fold3_room12_mix001.csv,562,0,1,-170,-11,155,18
fold3_room12_mix001.csv,604,0,1,-170,-11,155,16
fold3_room12_mix001.csv,744,0,1,-170,-11,155,30
fold3_room12_mix001.csv,812,0,1,-170,-11,155,15
fold3_room12_mix001.csv,834,0,1,-170,-11,155,3
fold3_room12_mix001.csv,926,0,1,-170,-11,155,3
fold3_room12_mix001.csv,1059,0,1,-170,-11,155,3
fold3_room12_mix001.csv,1070,0,1,-170,-11,155,13
fold3_room12_mix001.csv,1091,0,1,-170,-11,154,39
fold3_room12_mix001.csv,1136,0,1,-170,-11,155,49
fold3_room12_mix001.csv,1193,0,1,-170,-11,154,20
fold3_room12_mix001.csv,1228,0,1,-170,-11,155,3
fold3_room12_mix001.csv,1281,0,1,-170,-11,154,8
fold3_room12_mix001.csv,1301,0,1,-170,-11,155,17
fold3_room12_mix001.csv,1321,0,1,-171,-11,154,9
fold3_room12_mix001.csv,1405,0,1,-171,-11,155,12
fold3_room12_mix001.csv,1446,0,1,-170,-11,154,8
fold3_room12_mix001.csv,1459,0,1,-170,-11,155,15
fold3_room12_mix001.csv,1491,0,1,-170,-11,155,41
fold3_room12_mix001.csv,1536,0,2,121,-11,149,9
fold3_room12_mix001.csv,1554,0,1,-170,-11,155,22
fold3_room12_mix001.csv,1729,0,1,-170,-11,155,10
fold3_room12_mix001.csv,1745,0,1,-171,-12,155,11
fold3_room12_mix001.csv,1840,0,1,-170,-11,155,27
fold3_room12_mix001.csv,1875,0,1,-170,-11,155,96
fold3_room12_mix001.csv,2062,0,1,-170,-11,155,3
fold3_room12_mix001.csv,2126,0,1,-170,-11,155,55
fold3_room12_mix001.csv,2190,0,1,-170,-12,155,39
fold3_room12_mix001.csv,2237,0,1,-170,-12,155,61
fold3_room12_mix001.csv,2320,0,1,-171,-11,155,83
fold3_room12_mix001.csv,2415,0,1,-170,-12,155,8
fold3_room12_mix001.csv,2482,0,1,-170,-11,155,17
fold3_room12_mix001.csv,2514,0,1,-170,-11,155,10
fold3_room12_mix002.csv,31,0,1,168,-12,150,10
fold3_room12_mix002.csv,210,0,1,169,-11,150,109
fold3_room12_mix002.csv,329,0,1,169,-12,150,5
fold3_room12_mix002.csv,340,0,1,169,-11,149,73
fold3_room12_mix002.csv,420,0,1,170,-11,151,32
fold3_room12_mix002.csv,458,0,1,169,-12,150,14
fold3_room12_mix002.csv,479,0,1,169,-12,150,18
fold3_room12_mix002.csv,504,0,1,170,-11,148,1
fold3_room12_mix002.csv,509,0,1,169,-11,149,12
fold3_room12_mix002.csv,537,0,1,170,-11,149,31
fold3_room12_mix002.csv,574,0,1,169,-11,149,21
fold3_room12_mix002.csv,647,0,1,170,-11,148,35
fold3_room12_mix002.csv,685,0,1,170,-11,150,39
fold3_room12_mix002.csv,731,0,1,169,-12,150,26
fold3_room12_mix002.csv,761,0,1,170,-11,150,22
fold3_room12_mix002.csv,791,0,1,169,-12,149,19
fold3_room12_mix002.csv,815,0,1,170,-12,149,4
fold3_room12_mix002.csv,827,0,1,169,-12,149,18
fold3_room12_mix002.csv,848,0,1,170,-11,150,1
fold3_room12_mix002.csv,854,0,1,169,-11,149,44
fold3_room12_mix002.csv,915,0,1,171,-11,149,6
fold3_room12_mix002.csv,927,0,1,170,-10,151,36
fold3_room12_mix002.csv,969,0,1,170,-12,150,10
fold3_room12_mix002.csv,982,0,1,170,-12,150,14
fold3_room12_mix002.csv,1012,0,1,170,-12,150,4
fold3_room12_mix002.csv,1267,0,1,171,-11,150,1
fold3_room12_mix002.csv,1290,0,1,170,-11,149,40
fold3_room12_mix002.csv,1333,0,1,170,-12,151,6
fold3_room12_mix002.csv,1345,0,1,170,-11,150,59
fold3_room12_mix002.csv,1416,0,1,170,-11,150,9
fold3_room12_mix002.csv,1438,0,1,170,-11,149,15
fold3_room12_mix002.csv,1573,0,1,170,-11,150,6
fold3_room12_mix002.csv,1859,0,1,170,-11,150,6
fold3_room12_mix002.csv,1873,0,1,170,-11,151,15
fold3_room12_mix002.csv,2093,0,1,170,-11,151,61
fold3_room12_mix002.csv,2157,0,1,170,-12,151,22
fold3_room12_mix004.csv,2970,0,1,169,-17,105,5
fold3_room12_mix004.csv,2978,0,1,169,-18,105,24
fold3_room12_mix004.csv,3056,0,1,168,-19,104,5
fold3_room12_mix004.csv,3070,0,1,168,-18,104,89
fold3_room12_mix004.csv,3184,0,1,168,-19,106,13
fold3_room12_mix004.csv,3271,0,1,162,-19,102,37
fold3_room12_mix004.csv,3331,0,1,165,-18,104,5
fold3_room12_mix006.csv,99,0,2,156,-14,124,1
fold3_room12_mix006.csv,108,0,2,155,-13,128,9
fold3_room12_mix006.csv,178,0,2,154,-14,124,4
fold3_room12_mix006.csv,187,0,2,158,-13,131,9
fold3_room12_mix006.csv,206,0,2,158,-14,131,30
fold3_room12_mix006.csv,241,0,1,-177,-15,139,4
fold3_room12_mix006.csv,254,0,1,-175,-15,139,19
fold3_room12_mix006.csv,283,0,1,-176,-14,139,51
fold3_room12_mix006.csv,335,0,2,158,-14,132,14
fold3_room12_mix006.csv,358,0,1,-176,-15,140,4
fold3_room12_mix006.csv,364,0,1,-177,-15,140,1
fold3_room12_mix006.csv,460,0,2,154,-14,122,3
fold3_room12_mix006.csv,496,0,2,155,-14,124,6
fold3_room12_mix006.csv,506,0,2,155,-14,127,13
fold3_room12_mix006.csv,532,0,2,156,-14,129,17
fold3_room12_mix006.csv,553,0,1,-177,-15,140,4
fold3_room12_mix006.csv,558,0,2,154,-14,125,4
fold3_room12_mix006.csv,571,0,2,155,-13,128,13
fold3_room12_mix006.csv,602,0,2,155,-15,127,19
fold3_room12_mix006.csv,636,0,2,156,-13,128,2
fold3_room12_mix006.csv,648,0,2,156,-13,127,72
fold3_room12_mix006.csv,736,0,2,156,-14,131,3
fold3_room12_mix006.csv,749,0,1,-176,-15,140,5
fold3_room12_mix006.csv,759,0,2,158,-13,133,9
fold3_room12_mix006.csv,803,0,2,154,-14,125,4
fold3_room12_mix006.csv,880,0,2,153,-12,127,2
fold3_room12_mix006.csv,896,0,1,-177,-15,140,1
fold3_room12_mix006.csv,902,0,2,157,-13,132,27
fold3_room12_mix006.csv,934,0,1,-177,-15,140,5
fold3_room12_mix006.csv,944,0,2,156,-14,133,4
fold3_room12_mix006.csv,952,0,1,-176,-15,140,2
fold3_room12_mix006.csv,958,0,2,154,-14,129,11
fold3_room12_mix006.csv,998,0,2,154,-12,137,23
fold3_room12_mix006.csv,1025,0,1,-177,-14,138,12
fold3_room12_mix006.csv,1039,0,2,157,-14,137,26
fold3_room12_mix006.csv,1069,0,1,-178,-15,140,31
fold3_room12_mix006.csv,1104,0,2,157,-13,137,3
fold3_room12_mix006.csv,1115,0,1,-178,-15,140,7
fold3_room12_mix006.csv,1131,0,1,-179,-14,141,22
fold3_room12_mix006.csv,1161,0,1,-178,-14,141,31
fold3_room12_mix006.csv,1198,0,1,-176,-16,141,43
fold3_room12_mix006.csv,1242,0,2,153,-12,155,3
fold3_room12_mix006.csv,1246,0,1,-178,-14,141,52
fold3_room12_mix006.csv,1300,0,2,154,-10,156,6
fold3_room12_mix006.csv,1313,0,1,-178,-14,142,46
fold3_room12_mix006.csv,1370,0,1,-178,-14,142,4
fold3_room12_mix006.csv,1382,0,2,152,-11,154,62
fold3_room12_mix006.csv,1452,0,1,-178,-14,142,1
fold3_room12_mix006.csv,1462,0,1,-178,-14,142,5
fold3_room12_mix006.csv,1471,0,2,156,-12,150,31
fold3_room12_mix006.csv,1510,0,1,-176,-14,139,9
fold3_room12_mix006.csv,1521,0,1,-176,-14,140,7
fold3_room12_mix007.csv,137,0,1,4,-1,302,3
fold3_room12_mix007.csv,228,0,2,124,-19,104,4
fold3_room12_mix007.csv,298,0,1,-115,-17,120,16
fold3_room12_mix007.csv,356,0,2,126,-17,104,16
fold3_room12_mix007.csv,375,0,1,-120,-17,120,3
fold3_room12_mix007.csv,380,0,1,-120,-17,120,3
fold3_room12_mix007.csv,386,0,2,123,-17,104,4
fold3_room12_mix007.csv,397,0,2,128,-18,105,21
fold3_room12_mix007.csv,444,0,2,125,-22,103,4
fold3_room12_mix007.csv,454,0,1,-120,-16,120,18
fold3_room12_mix007.csv,473,0,2,130,-22,104,6
fold3_room12_mix007.csv,481,0,1,-119,-17,121,1
fold3_room12_mix007.csv,484,0,1,-119,-17,121,8
fold3_room12_mix007.csv,537,0,2,126,-16,107,4
fold3_room12_mix007.csv,548,0,2,126,-17,105,29
fold3_room12_mix007.csv,593,0,2,123,-19,105,3
fold3_room12_mix007.csv,632,0,2,122,-18,103,4
fold3_room12_mix007.csv,755,0,2,122,-17,101,5
fold3_room12_mix007.csv,770,0,2,121,-19,104,6
fold3_room12_mix007.csv,778,0,2,121,-19,104,6
fold3_room12_mix007.csv,787,0,2,122,-19,103,8
fold3_room12_mix007.csv,797,0,1,-119,-17,121,13
fold3_room12_mix007.csv,813,0,2,127,-18,103,5
fold3_room12_mix007.csv,823,0,2,127,-18,103,8
fold3_room12_mix007.csv,854,0,2,124,-18,103,22
fold3_room12_mix007.csv,895,0,1,-120,-17,121,42
fold3_room12_mix007.csv,951,0,1,-120,-17,120,6
fold3_room12_mix007.csv,958,0,2,126,-17,105,11
fold3_room12_mix007.csv,975,0,2,125,-18,107,67
fold3_room12_mix007.csv,1047,0,2,122,-15,109,9
fold3_room12_mix007.csv,1088,0,2,122,-17,103,9
fold3_room12_mix007.csv,1101,0,2,124,-17,104,22
fold3_room12_mix007.csv,1135,0,2,120,-12,129,18
fold3_room12_mix007.csv,1192,0,2,126,-16,105,19
fold3_room12_mix007.csv,1216,0,1,-128,-22,88,18
fold3_room12_mix007.csv,1243,0,1,-129,-22,90,65
fold3_room12_mix007.csv,1318,0,2,123,-17,105,13
fold3_room12_mix007.csv,1467,0,2,119,-19,105,3
fold3_room12_mix007.csv,1481,0,2,124,-19,104,4
fold3_room12_mix007.csv,1489,0,1,-117,-17,115,6
fold3_room12_mix007.csv,1504,0,2,122,-18,103,18
fold3_room12_mix007.csv,1547,0,2,122,-19,105,6
fold3_room12_mix007.csv,1560,0,2,124,-19,106,9
fold3_room12_mix007.csv,1570,0,2,124,-20,107,3
fold3_room12_mix007.csv,1587,0,1,-120,-19,108,8
fold3_room12_mix007.csv,1603,0,2,123,-16,113,7
fold3_room12_mix007.csv,1633,0,1,-117,-18,114,3
fold3_room12_mix007.csv,2082,0,1,-130,-22,91,5
fold3_room12_mix007.csv,2097,0,1,-130,-23,91,15
fold3_room12_mix007.csv,2115,0,2,127,-17,109,18
fold3_room12_mix007.csv,2233,0,2,123,-16,107,3
fold3_room12_mix007.csv,2382,0,1,-133,-22,87,12
fold3_room12_mix007.csv,2402,0,2,120,-16,113,6
fold3_room12_mix007.csv,2436,0,1,-125,-20,94,4
fold3_room12_mix007.csv,2450,0,2,127,-16,106,2
fold3_room12_mix008.csv,1977,0,2,-160,-18,116,6
fold3_room12_mix008.csv,1985,0,1,120,-18,123,7
fold3_room12_mix008.csv,2014,0,2,-161,-17,114,3
fold3_room12_mix008.csv,2027,0,1,118,-17,124,7
fold3_room12_mix008.csv,2053,0,1,116,-18,121,1
fold3_room12_mix008.csv,2093,0,2,-167,-18,118,1
fold3_room12_mix008.csv,2096,0,1,116,-18,129,30
fold3_room12_mix008.csv,2131,0,2,-165,-19,119,4
fold3_room12_mix008.csv,2137,0,1,116,-18,128,6
fold3_room12_mix008.csv,2146,0,2,-160,-16,116,21
fold3_room12_mix008.csv,2177,0,2,-160,-17,116,16
fold3_room12_mix008.csv,2208,0,1,115,-17,128,2
fold3_room12_mix008.csv,2213,0,2,-161,-17,116,7
fold3_room12_mix008.csv,2224,0,1,116,-17,128,4
fold3_room12_mix008.csv,2233,0,2,-161,-17,116,48
fold3_room12_mix008.csv,2291,0,2,-160,-17,122,15
fold3_room12_mix008.csv,2307,0,1,115,-17,130,3
fold3_room12_mix008.csv,2317,0,2,-162,-16,123,13
fold3_room12_mix008.csv,2334,0,1,118,-16,133,4
fold3_room12_mix008.csv,2341,0,2,-161,-13,125,29
fold3_room12_mix008.csv,2401,0,2,-162,-17,122,3
fold3_room12_mix008.csv,2410,0,2,-161,-15,119,8
fold3_room12_mix008.csv,2426,0,2,-161,-15,120,8
fold3_room13_mix001.csv,28,0,1,1,-6,237,26
fold3_room13_mix001.csv,126,0,2,-66,-14,121,1
fold3_room13_mix001.csv,138,0,2,-66,-14,122,19
fold3_room13_mix001.csv,205,0,2,-66,-14,122,3
fold3_room13_mix001.csv,245,0,2,-66,-14,122,2
fold3_room13_mix001.csv,279,0,2,-66,-14,122,20
fold3_room13_mix001.csv,335,0,2,-66,-14,123,3
fold3_room13_mix001.csv,349,0,2,-66,-14,122,21
fold3_room13_mix001.csv,378,0,2,-66,-14,122,29
fold3_room13_mix001.csv,418,0,2,-66,-14,122,11
fold3_room13_mix001.csv,436,0,1,1,-6,238,8
fold3_room13_mix001.csv,449,0,2,-66,-14,120,12
fold3_room13_mix001.csv,473,0,1,2,-6,238,16
fold3_room13_mix001.csv,504,0,2,-67,-14,114,13
fold3_room13_mix001.csv,536,0,1,1,-6,238,12
fold3_room13_mix001.csv,550,0,1,1,-6,238,42
fold3_room13_mix001.csv,625,0,2,-66,-14,120,9
fold3_room13_mix001.csv,643,0,1,1,-6,237,2
fold3_room13_mix001.csv,649,0,2,-66,-15,121,10
fold3_room13_mix001.csv,669,0,2,-66,-14,120,11
fold3_room13_mix001.csv,681,0,1,2,-6,238,34
fold3_room13_mix001.csv,725,0,1,2,-6,236,26
fold3_room13_mix001.csv,767,0,1,2,-6,236,65
fold3_room13_mix001.csv,873,0,1,1,-5,237,24
fold3_room13_mix001.csv,934,0,1,1,-6,237,15
fold3_room13_mix001.csv,967,0,2,-66,-14,121,14
fold3_room13_mix001.csv,1018,0,2,-66,-13,122,11
fold3_room13_mix001.csv,1065,0,2,-66,-15,121,6
fold3_room13_mix001.csv,1080,0,2,-66,-15,122,14
fold3_room13_mix001.csv,1119,0,2,-66,-14,123,19
fold3_room13_mix001.csv,1172,0,2,-66,-14,123,8
fold3_room13_mix001.csv,1202,0,2,-66,-14,117,45
fold3_room13_mix001.csv,1341,0,1,1,-6,238,42
fold3_room13_mix001.csv,1396,0,1,2,-6,238,5
fold3_room13_mix001.csv,1427,0,1,1,-6,237,43
fold3_room13_mix001.csv,1492,0,2,-65,-14,121,44
fold3_room13_mix001.csv,1567,0,2,-66,-14,119,43
fold3_room13_mix001.csv,1701,0,2,-66,-14,118,82
fold3_room13_mix001.csv,1803,0,2,-66,-14,117,34
fold3_room13_mix001.csv,1850,0,2,-66,-14,117,20
fold3_room13_mix001.csv,1923,0,2,-66,-14,122,13
fold3_room13_mix001.csv,1943,0,2,-66,-14,121,12
fold3_room13_mix001.csv,1979,0,2,-66,-13,122,4
fold3_room13_mix001.csv,1996,0,2,-66,-14,122,24
fold3_room13_mix001.csv,2031,0,2,-65,-13,119,16
fold3_room13_mix001.csv,2050,0,1,2,-6,237,22
fold3_room13_mix001.csv,2112,0,2,-66,-14,124,56
fold3_room13_mix001.csv,2202,0,2,-66,-14,124,36
fold3_room13_mix001.csv,2244,0,1,2,-6,237,104
fold3_room13_mix001.csv,2376,0,1,1,-6,237,26
fold3_room13_mix001.csv,2427,0,1,1,-6,237,2
fold3_room13_mix001.csv,2462,0,2,-66,-14,123,20
fold3_room13_mix001.csv,2520,0,2,-66,-13,120,12
fold3_room13_mix001.csv,2551,0,2,-66,-14,124,4
fold3_room13_mix001.csv,2569,0,2,-66,-14,122,13
fold3_room13_mix001.csv,2600,0,2,-66,-14,118,8
fold3_room13_mix002.csv,25,0,2,4,-7,210,4
fold3_room13_mix002.csv,36,0,2,4,-7,208,8
fold3_room13_mix002.csv,56,0,2,5,-6,210,23
fold3_room13_mix002.csv,153,0,2,5,-7,210,9
fold3_room13_mix002.csv,261,0,2,4,-7,203,44
fold3_room13_mix002.csv,328,0,2,4,-7,211,4
fold3_room13_mix002.csv,338,0,2,3,-7,209,18
fold3_room13_mix002.csv,362,0,1,-53,8,140,37
fold3_room13_mix002.csv,414,0,2,3,-7,208,60
fold3_room13_mix002.csv,485,0,2,5,-6,218,53
fold3_room13_mix002.csv,569,0,2,4,-6,207,35
fold3_room13_mix002.csv,646,0,2,5,-7,209,13
fold3_room13_mix002.csv,662,0,1,-54,9,140,29
fold3_room13_mix002.csv,699,0,1,-55,9,141,19
fold3_room13_mix002.csv,721,0,1,-54,9,140,51
fold3_room13_mix002.csv,779,0,2,2,-6,213,4
fold3_room13_mix002.csv,784,0,1,-55,9,141,14
fold3_room13_mix002.csv,820,0,2,3,-7,206,6
fold3_room13_mix002.csv,939,0,2,3,-6,219,36
fold3_room13_mix002.csv,989,0,2,4,-7,207,14
fold3_room13_mix002.csv,1021,0,2,4,-7,207,64
fold3_room13_mix002.csv,1088,0,1,-53,9,141,25
fold3_room13_mix002.csv,1118,0,1,-54,9,141,35
fold3_room13_mix002.csv,1163,0,1,-54,9,138,59
fold3_room13_mix002.csv,1266,0,2,4,-7,209,2
fold3_room13_mix002.csv,1270,0,1,-54,9,140,1
fold3_room13_mix002.csv,1283,0,2,4,-7,209,31
fold3_room13_mix002.csv,1338,0,2,5,-7,211,5
fold3_room13_mix002.csv,1361,0,2,4,-7,209,87
fold3_room13_mix002.csv,1475,0,2,4,-7,209,11
fold3_room13_mix002.csv,1522,0,2,5,-8,211,6
fold3_room13_mix002.csv,1530,0,2,5,-8,211,26
fold3_room13_mix002.csv,1573,0,2,5,-7,213,13
fold3_room13_mix002.csv,1616,0,2,6,-6,214,6
fold3_room13_mix002.csv,1652,0,2,4,-6,215,135
fold3_room13_mix002.csv,1898,0,2,5,-7,210,1
fold3_room13_mix002.csv,1913,0,2,5,-7,214,31
fold3_room13_mix002.csv,2003,0,2,5,-7,211,117
fold3_room13_mix002.csv,2128,0,2,6,-7,213,23
fold3_room13_mix002.csv,2268,0,2,4,-7,209,3
fold3_room13_mix002.csv,2284,0,1,-55,8,142,57
fold3_room13_mix002.csv,2353,0,1,-54,9,138,19
fold3_room13_mix002.csv,2374,0,1,-51,9,141,18
fold3_room13_mix002.csv,2401,0,1,-55,9,139,46
fold3_room13_mix002.csv,2454,0,1,-55,9,138,31
fold3_room13_mix002.csv,2496,0,1,-55,9,143,31
fold3_room13_mix002.csv,2538,0,1,-53,9,142,28
fold3_room13_mix002.csv,2584,0,1,-53,9,139,15
fold3_room13_mix002.csv,2603,0,1,-53,9,138,109
fold3_room13_mix002.csv,2715,0,2,2,-6,208,4
fold3_room13_mix002.csv,2747,0,1,-54,9,135,31
fold3_room13_mix002.csv,2815,0,2,4,-7,210,34
fold3_room13_mix002.csv,2876,0,2,4,-7,212,17
fold3_room13_mix003.csv,23,0,2,53,-17,96,5
fold3_room13_mix003.csv,39,0,2,50,-16,100,30
fold3_room13_mix003.csv,144,0,2,48,-14,109,16
fold3_room13_mix003.csv,207,0,2,48,-16,110,24
fold3_room13_mix003.csv,284,0,1,-21,-10,124,1
fold3_room13_mix003.csv,292,0,1,-21,-10,125,35
fold3_room13_mix003.csv,344,0,1,-21,-10,123,1
fold3_room13_mix003.csv,349,0,2,52,-16,96,12
fold3_room13_mix003.csv,363,0,1,-21,-10,123,18
fold3_room13_mix003.csv,389,0,1,-21,-10,124,16
fold3_room13_mix003.csv,406,0,2,51,-17,98,7
fold3_room13_mix003.csv,423,0,2,51,-17,98,30
fold3_room13_mix003.csv,460,0,1,-21,-10,122,6
fold3_room13_mix003.csv,477,0,1,-21,-10,123,41
fold3_room13_mix003.csv,521,0,2,52,-17,97,3
fold3_room13_mix003.csv,534,0,1,-21,-10,122,30
fold3_room13_mix003.csv,595,0,2,51,-17,98,18
fold3_room13_mix003.csv,621,0,1,-21,-10,122,5
fold3_room13_mix003.csv,635,0,1,-21,-10,122,9
fold3_room13_mix003.csv,660,0,1,-21,-10,122,81
fold3_room13_mix003.csv,753,0,1,-21,-10,122,8
fold3_room13_mix003.csv,772,0,1,-21,-10,122,4
fold3_room13_mix003.csv,780,0,2,52,-17,98,16
fold3_room13_mix003.csv,799,0,1,-21,-10,122,39
fold3_room13_mix003.csv,858,0,2,52,-17,95,9
fold3_room13_mix003.csv,875,0,2,52,-18,96,3
fold3_room13_mix003.csv,895,0,1,-20,3,162,2
fold3_room13_mix003.csv,936,0,1,-22,3,280,6
fold3_room13_mix003.csv,1007,0,2,50,-16,102,15
fold3_room13_mix003.csv,1068,0,1,-20,-9,126,14
fold3_room13_mix003.csv,1119,0,2,52,-16,97,24
fold3_room13_mix003.csv,1151,0,2,51,-16,98,7
fold3_room13_mix003.csv,1170,0,2,52,-16,95,20
fold3_room13_mix003.csv,1201,0,1,-20,-10,124,14
fold3_room13_mix003.csv,1223,0,2,51,-16,97,34
fold3_room13_mix003.csv,1271,0,2,53,-17,97,24
fold3_room13_mix003.csv,1309,0,2,53,-18,97,34
fold3_room13_mix003.csv,1355,0,1,-20,-10,124,41
fold3_room13_mix003.csv,1408,0,2,50,-16,102,1
fold3_room13_mix003.csv,1418,0,2,50,-17,101,19
fold3_room13_mix003.csv,1492,0,2,49,-14,106,4
fold3_room13_mix003.csv,1512,0,1,-20,-10,126,9
fold3_room13_mix003.csv,1534,0,1,-21,-10,126,5
fold3_room13_mix003.csv,1544,0,2,52,-17,96,35
fold3_room13_mix003.csv,1589,0,2,54,-18,97,7
fold3_room13_mix003.csv,1599,0,2,53,-17,96,5
fold3_room13_mix003.csv,1608,0,1,-20,-9,124,26
fold3_room13_mix003.csv,1637,0,1,-19,-10,125,9
fold3_room13_mix003.csv,1688,0,2,50,-16,102,65
fold3_room13_mix003.csv,1896,0,2,49,-16,107,6
fold3_room13_mix003.csv,1948,0,2,49,-15,106,44
fold3_room13_mix003.csv,2003,0,2,52,-15,96,18
fold3_room13_mix004.csv,40,0,1,-44,3,421,9
fold3_room13_mix004.csv,55,0,1,-44,3,421,3
fold3_room13_mix004.csv,334,0,1,-20,-8,133,31
fold3_room13_mix004.csv,367,0,2,31,-5,226,21
fold3_room13_mix004.csv,392,0,1,-19,-9,131,2
fold3_room13_mix004.csv,474,0,1,-22,-8,143,11
fold3_room13_mix004.csv,499,0,1,-21,-8,143,12
fold3_room13_mix004.csv,614,0,2,32,-6,234,29
fold3_room13_mix004.csv,651,0,1,-27,-11,129,69
fold3_room13_mix004.csv,734,0,2,29,-6,225,37
fold3_room13_mix004.csv,813,0,1,-25,-8,146,13
fold3_room13_mix004.csv,857,0,2,28,-7,226,50
fold3_room13_mix004.csv,925,0,2,28,-7,226,51
fold3_room13_mix004.csv,987,0,1,-25,-11,127,25
fold3_room13_mix004.csv,1013,0,2,29,-7,226,40
fold3_room13_mix004.csv,1069,0,2,28,-7,227,17
fold3_room13_mix004.csv,1122,0,1,-26,-11,127,21
fold3_room13_mix004.csv,1191,0,1,-25,-12,127,4
fold3_room13_mix004.csv,1233,0,2,28,-7,228,67
fold3_room13_mix004.csv,1332,0,1,-27,-10,129,29
fold3_room13_mix004.csv,1452,0,2,29,-7,226,25
fold3_room13_mix006.csv,57,0,2,-101,-18,102,5
fold3_room13_mix006.csv,68,0,2,-101,-18,102,17
fold3_room13_mix006.csv,130,0,2,-101,-18,101,46
fold3_room13_mix006.csv,188,0,2,-101,-19,102,21
fold3_room13_mix006.csv,417,0,2,-99,-19,101,17
fold3_room13_mix006.csv,439,0,2,-100,-19,100,7
fold3_room13_mix006.csv,644,0,2,-99,-19,97,38
fold3_room13_mix006.csv,686,0,2,-100,-19,100,14
fold3_room13_mix006.csv,859,0,2,-100,-19,98,48
fold3_room13_mix006.csv,936,0,2,-103,-17,105,31
fold3_room13_mix006.csv,976,0,2,-101,-18,105,17
fold3_room13_mix006.csv,997,0,2,-101,-19,103,35
fold3_room13_mix006.csv,1145,0,2,-100,-18,103,50
fold3_room13_mix006.csv,1221,0,2,-101,-18,99,10
fold3_room13_mix006.csv,1273,0,2,-99,-18,101,61
fold3_room13_mix006.csv,1350,0,2,-99,-19,106,21
fold3_room13_mix006.csv,1374,0,2,-110,-16,114,34
fold3_room13_mix006.csv,1411,0,2,-109,-17,113,21
fold3_room13_mix006.csv,1436,0,2,-109,-16,113,56
fold3_room13_mix006.csv,1494,0,2,-101,-18,98,21
fold3_room13_mix006.csv,1518,0,2,-101,-19,99,16
fold3_room13_mix006.csv,1537,0,2,-100,-20,96,25
fold3_room13_mix006.csv,1569,0,2,-101,-20,96,17
fold3_room13_mix006.csv,1851,0,2,-109,-16,113,6
fold3_room13_mix006.csv,1889,0,2,-110,-16,113,11
fold3_room13_mix006.csv,2007,0,2,-110,-15,115,54
fold3_room13_mix006.csv,2134,0,2,-111,-17,112,15
fold3_room13_mix006.csv,2204,0,2,-111,-17,113,42
fold3_room13_mix006.csv,2250,0,2,-111,-17,115,7
fold3_room13_mix006.csv,2269,0,2,-111,-17,114,24
fold3_room13_mix006.csv,2339,0,2,-109,-16,115,36
fold3_room13_mix006.csv,2378,0,2,-109,-16,115,9
fold3_room13_mix006.csv,2390,0,2,-109,-16,117,23
fold3_room13_mix006.csv,2463,0,2,-110,-16,116,39
fold3_room13_mix006.csv,2566,0,2,-110,-16,116,28
fold3_room13_mix006.csv,2597,0,2,-110,-17,115,12
fold3_room13_mix006.csv,2611,0,2,-110,-17,115,9
fold3_room13_mix006.csv,2633,0,2,-110,-17,115,38
fold3_room13_mix006.csv,2676,0,2,-110,-16,115,68
fold3_room13_mix006.csv,2756,0,2,-110,-16,115,6
fold3_room13_mix006.csv,2856,0,2,-112,-17,112,9
fold3_room13_mix006.csv,2938,0,2,-111,-16,114,19
fold3_room13_mix007.csv,27,0,2,-119,-15,128,11
fold3_room13_mix007.csv,50,0,2,-119,-15,129,45
fold3_room13_mix007.csv,100,0,3,-2,-4,254,3
fold3_room13_mix007.csv,105,0,2,-119,-16,128,9
fold3_room13_mix007.csv,118,0,3,-2,-3,255,17
fold3_room13_mix007.csv,139,0,2,-119,-16,128,3
fold3_room13_mix007.csv,148,0,3,-2,-4,255,20
fold3_room13_mix007.csv,191,0,3,-2,-4,254,1
fold3_room13_mix007.csv,195,0,3,-2,-4,254,36
fold3_room13_mix007.csv,241,0,3,-3,-4,255,10
fold3_room13_mix007.csv,253,0,2,-119,-16,128,13
fold3_room13_mix007.csv,273,0,2,-119,-16,129,13
fold3_room13_mix007.csv,297,0,3,-3,-4,254,15
fold3_room13_mix007.csv,330,0,3,-2,-4,255,21
fold3_room13_mix007.csv,361,0,2,-119,-16,128,4
fold3_room13_mix007.csv,378,0,3,-3,-4,254,33
fold3_room13_mix007.csv,419,0,2,-119,-16,128,16
fold3_room13_mix007.csv,447,0,3,-2,-4,255,7
fold3_room13_mix007.csv,466,0,3,-2,-4,255,108
fold3_room13_mix007.csv,578,0,2,-119,-16,128,2
fold3_room13_mix007.csv,584,0,3,-4,-4,256,127
fold3_room13_mix007.csv,720,0,3,-2,-4,254,40
fold3_room13_mix007.csv,763,0,3,-4,-4,256,103
fold3_room13_mix007.csv,898,0,3,-3,-4,252,42
fold3_room13_mix007.csv,948,0,3,-3,-4,254,138
fold3_room13_mix007.csv,1109,0,3,-2,-4,252,15
fold3_room13_mix007.csv,1134,0,3,-3,-4,253,56
fold3_room13_mix007.csv,1194,0,3,-3,-4,253,24
fold3_room13_mix007.csv,1227,0,3,-3,-4,254,67
fold3_room13_mix007.csv,1299,0,3,-2,-4,254,19
fold3_room13_mix007.csv,1325,0,2,-128,-15,138,29
fold3_room13_mix007.csv,1363,0,2,-127,-15,137,17
fold3_room13_mix007.csv,1388,0,2,-127,-15,137,28
fold3_room13_mix007.csv,1479,0,2,-127,-14,139,15
fold3_room13_mix007.csv,1503,0,2,-127,-14,139,64
fold3_room13_mix007.csv,1575,0,2,-127,-15,138,115
fold3_room13_mix007.csv,1700,0,2,-127,-15,138,3
fold3_room13_mix007.csv,1711,0,2,-128,-15,138,76
fold3_room13_mix007.csv,1798,0,2,-127,-15,139,8
fold3_room13_mix007.csv,1813,0,2,-128,-15,139,2
fold3_room13_mix007.csv,1820,0,3,-4,-5,250,2
fold3_room13_mix007.csv,1827,0,2,-127,-14,140,1
fold3_room13_mix007.csv,1881,0,3,-34,3,287,6
fold3_room13_mix007.csv,1898,0,2,-127,-15,141,2
fold3_room13_mix007.csv,1953,0,2,-130,-15,136,45
fold3_room13_mix007.csv,2007,0,2,-128,-15,138,60
fold3_room13_mix007.csv,2084,0,3,0,-4,251,27
fold3_room13_mix007.csv,2120,0,3,-1,-4,251,17
fold3_room13_mix007.csv,2148,0,3,-1,-4,251,46
fold3_room13_mix007.csv,2203,0,3,0,-4,251,74
fold3_room13_mix007.csv,2286,0,3,0,-4,251,22
fold3_room13_mix007.csv,2317,0,3,0,-4,252,37
fold3_room13_mix007.csv,2361,0,3,-2,-4,253,58
fold3_room13_mix007.csv,2435,0,2,-119,-15,128,6
fold3_room13_mix008.csv,40,0,2,2,2,232,17
fold3_room13_mix008.csv,60,0,2,3,2,233,3
fold3_room13_mix008.csv,2347,0,3,-26,-9,110,2
fold3_room14_mix001.csv,55,0,1,75,-7,177,21
fold3_room14_mix001.csv,79,0,2,120,2,143,15
fold3_room14_mix001.csv,97,0,1,75,-7,176,56
fold3_room14_mix001.csv,155,0,1,76,-7,176,21
fold3_room14_mix001.csv,185,0,1,75,-7,174,19
fold3_room14_mix001.csv,209,0,2,120,2,140,20
fold3_room14_mix001.csv,236,0,2,121,2,139,6
fold3_room14_mix001.csv,249,0,1,75,-7,172,3
fold3_room14_mix001.csv,256,0,2,120,1,139,14
fold3_room14_mix001.csv,276,0,2,121,1,141,4
fold3_room14_mix001.csv,294,0,1,75,-8,172,32
fold3_room14_mix001.csv,351,0,2,120,1,143,17
fold3_room14_mix001.csv,369,0,1,76,-7,175,7
fold3_room14_mix001.csv,380,0,2,120,1,142,13
fold3_room14_mix001.csv,401,0,1,76,-7,177,9
fold3_room14_mix001.csv,429,0,2,121,2,139,4
fold3_room14_mix001.csv,437,0,1,75,-7,174,27
fold3_room14_mix001.csv,470,0,1,70,-8,175,25
fold3_room14_mix001.csv,549,0,1,71,-7,174,4
fold3_room14_mix001.csv,558,0,2,-11,0,369,15
fold3_room14_mix001.csv,621,0,1,73,-7,177,1
fold3_room14_mix001.csv,663,0,1,72,-8,175,16
fold3_room14_mix001.csv,733,0,1,76,-8,178,23
fold3_room14_mix001.csv,785,0,1,75,-7,175,9
fold3_room14_mix001.csv,796,0,2,121,0,140,10
fold3_room14_mix001.csv,818,0,2,134,0,153,6
fold3_room14_mix001.csv,825,0,1,77,-8,180,20
fold3_room14_mix001.csv,862,0,1,78,-8,181,17
fold3_room14_mix001.csv,884,0,1,77,-8,178,4
fold3_room14_mix001.csv,894,0,2,132,0,152,1
fold3_room14_mix001.csv,913,0,1,76,-8,176,38
fold3_room14_mix001.csv,956,0,2,133,1,151,10
fold3_room14_mix001.csv,975,0,1,75,-8,171,8
fold3_room14_mix002.csv,140,0,2,136,-17,149,7
fold3_room14_mix002.csv,202,0,1,-24,3,335,3
fold3_room14_mix002.csv,216,0,1,-19,2,309,1
fold3_room14_mix002.csv,231,0,1,-6,4,263,16
fold3_room14_mix002.csv,263,0,2,139,-31,103,9
fold3_room14_mix002.csv,286,0,1,-1,6,172,45
fold3_room14_mix002.csv,340,0,1,-1,5,174,3
fold3_room14_mix002.csv,353,0,1,0,6,172,10
fold3_room14_mix002.csv,370,0,2,132,-24,102,23
fold3_room14_mix002.csv,406,0,1,-1,6,172,64
fold3_room14_mix002.csv,535,0,2,-12,0,267,6
fold3_room14_mix002.csv,560,0,1,0,3,301,45
fold3_room14_mix002.csv,613,0,1,1,3,297,5
fold3_room14_mix002.csv,623,0,2,-17,0,273,12
fold3_room14_mix002.csv,640,0,1,-2,3,306,8
fold3_room14_mix002.csv,651,0,1,-5,3,306,3
fold3_room14_mix003.csv,47,0,1,132,-21,97,16
fold3_room14_mix003.csv,65,0,2,3,-8,248,28
fold3_room14_mix003.csv,278,0,2,3,-9,245,6
fold3_room14_mix003.csv,297,0,2,6,-7,245,2
fold3_room14_mix003.csv,323,0,1,137,-16,107,3
fold3_room14_mix004.csv,83,0,2,-18,1,195,21
fold3_room14_mix004.csv,116,0,1,4,1,258,25
fold3_room14_mix004.csv,229,0,1,162,8,123,5
fold3_room14_mix004.csv,303,0,1,13,5,263,11
fold3_room14_mix004.csv,320,0,2,-11,1,246,15
fold3_room14_mix004.csv,341,0,2,-11,1,257,10
fold3_room14_mix004.csv,362,0,2,-12,1,246,8
fold3_room14_mix004.csv,383,0,1,13,5,258,47
fold3_room14_mix004.csv,444,0,1,12,5,258,14
fold3_room14_mix004.csv,463,0,1,14,4,255,12
fold3_room14_mix004.csv,482,0,2,-11,1,246,9
fold3_room14_mix004.csv,511,0,1,10,6,195,3
fold3_room14_mix004.csv,566,0,1,159,6,76,4
fold3_room14_mix004.csv,581,0,1,136,-16,129,9
fold3_room6_mix001.csv,5,0,1,-49,-9,189,45
fold3_room6_mix001.csv,135,0,1,-49,-9,194,50
fold3_room6_mix001.csv,210,0,1,-48,-9,188,10
fold3_room6_mix001.csv,230,0,1,-49,-9,189,15
fold3_room6_mix001.csv,265,0,1,-48,-9,188,20
fold3_room6_mix001.csv,405,0,1,-50,-9,198,90
fold3_room6_mix001.csv,510,0,1,-47,-9,189,25
fold3_room6_mix001.csv,545,0,1,-50,-9,192,10
fold3_room6_mix001.csv,565,0,1,-49,-9,189,20
fold3_room6_mix001.csv,940,0,1,-49,-9,192,15
fold3_room6_mix001.csv,1020,0,1,-47,-14,173,10
fold3_room6_mix001.csv,1265,0,1,-50,-9,204,25
fold3_room6_mix001.csv,1320,0,1,-48,-11,184,30
fold3_room6_mix001.csv,1405,0,1,-47,-11,187,35
fold3_room6_mix001.csv,1445,0,1,-50,-11,186,10
fold3_room6_mix001.csv,1470,0,1,-49,-10,189,15
fold3_room6_mix001.csv,1550,0,1,-47,-10,186,15
fold3_room6_mix001.csv,1585,0,1,-43,-10,200,15
fold3_room6_mix001.csv,1890,0,1,-46,-9,201,15
fold3_room6_mix001.csv,1920,0,1,-47,-9,197,40
fold3_room6_mix001.csv,1980,0,1,-49,-8,192,10
fold3_room6_mix001.csv,2105,0,1,-46,-9,198,15
fold3_room6_mix002.csv,5,0,2,7,-12,192,5
fold3_room6_mix002.csv,25,0,2,5,-13,189,75
fold3_room6_mix002.csv,160,0,2,7,-14,183,10
fold3_room6_mix002.csv,435,0,2,6,-13,188,25
fold3_room6_mix002.csv,480,0,2,9,-12,193,15
fold3_room6_mix002.csv,530,0,2,8,-12,195,70
fold3_room6_mix002.csv,620,0,2,5,-12,194,10
fold3_room6_mix002.csv,695,0,2,8,-12,192,10
fold3_room6_mix002.csv,755,0,2,6,-13,186,10
fold3_room6_mix002.csv,1190,0,2,7,-13,189,35
fold3_room6_mix002.csv,1350,0,2,9,-12,196,10
fold3_room6_mix002.csv,1455,0,2,8,-12,193,40
fold3_room6_mix002.csv,1510,0,2,9,-4,132,5
fold3_room6_mix002.csv,1965,0,2,7,-12,177,5
fold3_room6_mix002.csv,2020,0,2,7,-12,179,10
fold3_room6_mix002.csv,2100,0,2,6,-12,180,10
fold3_room6_mix002.csv,2465,0,2,6,-12,184,10
fold3_room6_mix002.csv,2530,0,2,8,-12,187,15
fold3_room6_mix003.csv,60,0,1,-12,-12,199,60
fold3_room6_mix003.csv,165,0,1,-12,-12,195,10
fold3_room6_mix003.csv,195,0,1,-12,-12,198,20
fold3_room6_mix003.csv,295,0,1,-13,-12,198,40
fold3_room6_mix003.csv,350,0,1,-14,-12,200,25
fold3_room6_mix003.csv,405,0,1,-12,-12,197,50
fold3_room6_mix003.csv,470,0,1,-14,-12,197,10
fold3_room6_mix003.csv,505,0,1,-12,-12,197,45
fold3_room6_mix003.csv,695,0,1,-10,-12,194,15
fold3_room6_mix003.csv,735,0,1,-11,-12,193,5
fold3_room6_mix003.csv,775,0,1,-10,-13,194,15
fold3_room6_mix003.csv,815,0,1,-13,-12,198,60
fold3_room6_mix003.csv,915,0,1,-10,-12,194,15
fold3_room6_mix003.csv,935,0,1,-11,-12,194,80
fold3_room6_mix003.csv,1025,0,1,-13,-12,198,10
fold3_room6_mix003.csv,1075,0,1,-14,-12,199,40
fold3_room6_mix003.csv,1140,0,1,-10,-12,195,35
fold3_room6_mix003.csv,1330,0,1,-12,-12,193,75
fold3_room6_mix003.csv,1675,0,1,-12,-12,194,45
fold3_room6_mix003.csv,1835,0,1,-12,-12,193,10
fold3_room6_mix003.csv,1885,0,1,-11,-12,193,55
fold3_room6_mix003.csv,2115,0,1,-10,-12,196,35
fold3_room6_mix003.csv,2155,0,1,-9,-13,191,10
fold3_room6_mix003.csv,2200,0,1,-14,-12,205,40
fold3_room6_mix003.csv,2250,0,1,-19,-12,213,10
fold3_room6_mix003.csv,2280,0,1,-18,-13,198,10
fold3_room6_mix003.csv,2320,0,1,-11,-13,173,10
fold3_room6_mix003.csv,2375,0,1,-19,-15,126,5
fold3_room6_mix003.csv,2390,0,1,22,-5,103,10
fold3_room6_mix003.csv,2410,0,1,83,-4,125,130
fold3_room6_mix003.csv,2550,0,1,26,-7,107,5
fold3_room6_mix003.csv,2570,0,1,68,-8,123,5
fold3_room6_mix003.csv,2610,0,1,36,-4,124,15
fold3_room6_mix003.csv,2635,0,1,91,-4,125,10
fold3_room6_mix003.csv,2650,0,1,78,-3,130,5
fold3_room6_mix003.csv,2660,0,1,62,-5,108,15
fold3_room6_mix003.csv,2685,0,1,74,-5,128,20
fold3_room6_mix003.csv,2715,0,1,75,-4,121,15
fold3_room6_mix003.csv,2735,0,1,36,-4,123,30
fold3_room6_mix003.csv,2770,0,1,93,-7,114,5
fold3_room6_mix003.csv,2785,0,1,52,-6,99,5
fold3_room6_mix003.csv,2800,0,1,42,-5,105,10
fold3_room6_mix003.csv,2820,0,1,98,-6,104,35
fold3_room6_mix003.csv,2880,0,1,-23,-5,151,15
fold3_room6_mix003.csv,2905,0,1,-10,-13,174,25
fold3_room6_mix003.csv,2950,0,1,-13,-14,175,15
fold3_room6_mix004.csv,50,0,1,-110,-7,238,15
fold3_room6_mix004.csv,110,0,1,-112,-8,233,160
fold3_room6_mix004.csv,280,0,1,-111,-8,231,15
fold3_room6_mix004.csv,495,0,1,-111,-8,229,45
fold3_room6_mix004.csv,630,0,1,-111,-8,230,5
fold3_room6_mix004.csv,640,0,1,-112,-8,229,10
fold3_room6_mix004.csv,655,0,1,-111,-8,230,10
fold3_room6_mix004.csv,715,0,1,-112,-8,229,5
fold3_room6_mix004.csv,780,0,1,-112,-8,228,30
fold3_room6_mix004.csv,905,0,1,-111,-8,228,15
fold3_room6_mix004.csv,930,0,1,-112,-13,184,45
fold3_room6_mix004.csv,995,0,1,-118,2,146,55
fold3_room6_mix004.csv,1055,0,1,-159,3,193,55
fold3_room6_mix004.csv,1370,0,1,-160,2,185,30
fold3_room6_mix004.csv,1420,0,1,-156,3,195,70
fold3_room6_mix004.csv,1500,0,1,-159,3,192,45
fold3_room6_mix004.csv,1730,0,1,-163,2,189,10
fold3_room6_mix004.csv,1760,0,1,-165,-4,167,45
fold3_room6_mix004.csv,1815,0,1,-158,3,195,20
fold3_room6_mix004.csv,1925,0,1,-159,3,190,5
fold3_room6_mix004.csv,1970,0,1,-167,-1,191,55
fold3_room6_mix004.csv,2035,0,1,-167,-1,179,85
fold3_room6_mix004.csv,2225,0,1,-111,-8,231,60
fold3_room6_mix004.csv,2335,0,1,-110,-7,239,25
fold3_room6_mix004.csv,2410,0,1,-110,-7,239,5
fold3_room6_mix004.csv,2720,0,1,-110,-7,239,35
fold3_room6_mix004.csv,2770,0,1,-110,-8,244,5
fold3_room6_mix004.csv,2795,0,1,-111,-8,240,25
fold3_room6_mix005.csv,190,0,2,-16,-10,155,50
fold3_room6_mix005.csv,355,0,2,-16,-10,156,120
fold3_room6_mix005.csv,515,0,2,-17,-10,158,140
fold3_room6_mix005.csv,740,0,2,-16,-10,158,25
fold3_room6_mix005.csv,800,0,2,-17,-10,158,30
fold3_room6_mix005.csv,870,0,2,-17,-9,160,30
fold3_room6_mix005.csv,1535,0,2,-18,-10,154,15
fold3_room6_mix005.csv,2090,0,2,-15,-9,158,5
fold3_room6_mix005.csv,2105,0,2,-15,-10,153,20
fold3_room6_mix006.csv,230,0,1,95,4,53,10
fold3_room6_mix006.csv,295,0,1,-130,5,109,50
fold3_room6_mix006.csv,450,0,1,-129,6,103,50
fold3_room6_mix006.csv,540,0,1,109,9,76,30
fold3_room6_mix006.csv,670,0,1,-14,-9,164,5
fold3_room6_mix006.csv,790,0,1,-13,-10,162,5
fold3_room6_mix006.csv,865,0,1,-14,-10,162,10
fold3_room7_mix004.csv,80,0,1,40,-11,226,105
fold3_room7_mix004.csv,190,0,2,-37,-11,249,70
fold3_room7_mix004.csv,270,0,2,-37,-11,247,10
fold3_room7_mix004.csv,285,0,2,-37,-11,246,55
fold3_room7_mix004.csv,350,0,2,-37,-11,251,60
fold3_room7_mix004.csv,420,0,2,-37,-11,249,60
fold3_room7_mix004.csv,485,0,1,39,-11,224,15
fold3_room7_mix004.csv,510,0,2,-37,-11,244,40
fold3_room7_mix004.csv,560,0,2,-37,-11,248,40
fold3_room7_mix004.csv,610,0,1,40,-12,223,10
fold3_room7_mix004.csv,630,0,2,-37,-11,250,10
fold3_room7_mix004.csv,650,0,1,40,-11,224,35
fold3_room7_mix004.csv,690,0,2,-36,-11,250,30
fold3_room7_mix004.csv,735,0,1,40,-11,225,85
fold3_room7_mix004.csv,830,0,2,-37,-11,250,15
fold3_room7_mix004.csv,860,0,1,40,-11,225,10
fold3_room7_mix004.csv,875,0,1,39,-11,226,55
fold3_room7_mix004.csv,935,0,2,-36,-11,248,15
fold3_room7_mix004.csv,955,0,1,40,-11,225,115
fold3_room7_mix004.csv,1080,0,1,40,-12,222,25
fold3_room7_mix004.csv,1115,0,1,40,-11,225,120
fold3_room7_mix004.csv,1250,0,2,-37,-11,246,15
fold3_room7_mix004.csv,1280,0,2,-37,-11,249,45
fold3_room7_mix004.csv,1330,0,1,39,-11,225,25
fold3_room7_mix004.csv,1370,0,2,-37,-11,245,70
fold3_room7_mix004.csv,1465,0,2,-38,-11,254,10
fold3_room7_mix004.csv,1480,0,2,-38,-11,248,20
fold3_room7_mix004.csv,1505,0,2,-37,-11,247,45
fold3_room7_mix004.csv,1555,0,2,-37,-11,248,40
fold3_room7_mix004.csv,1615,0,1,39,-11,224,30
fold3_room7_mix004.csv,1650,0,2,-37,-11,248,50
fold3_room7_mix004.csv,1710,0,2,-38,-11,247,30
fold3_room7_mix004.csv,1750,0,2,-37,-11,249,10
fold3_room7_mix004.csv,1790,0,2,-37,-11,251,30
fold3_room7_mix004.csv,1830,0,2,-37,-11,249,15
fold3_room7_mix004.csv,1860,0,1,38,-11,228,5
fold3_room7_mix004.csv,1880,0,2,-37,-11,247,30
fold3_room7_mix004.csv,1915,0,2,-37,-11,246,65
fold3_room7_mix004.csv,1985,0,2,-37,-11,249,40
fold3_room7_mix004.csv,2035,0,2,-37,-11,251,15
fold3_room7_mix004.csv,2060,0,2,-37,-11,247,25
fold3_room7_mix004.csv,2105,0,2,-38,-11,253,20
fold3_room7_mix004.csv,2135,0,2,-37,-11,250,50
fold3_room7_mix004.csv,2195,0,2,-37,-11,250,135
fold3_room7_mix004.csv,2350,0,2,-38,-11,245,40
fold3_room7_mix004.csv,2395,0,2,-37,-11,249,35
fold3_room7_mix004.csv,2435,0,2,-37,-11,250,20
fold3_room7_mix004.csv,2460,0,2,-37,-12,242,120
fold3_room7_mix004.csv,2600,0,2,-37,-11,248,10
fold3_room7_mix004.csv,2620,0,2,-37,-11,248,30
fold3_room7_mix004.csv,2670,0,2,-37,-11,247,35
fold3_room7_mix004.csv,2735,0,2,-38,-12,230,20
fold3_room7_mix004.csv,2940,0,2,-40,-11,221,10
fold3_room7_mix004.csv,2960,0,2,-40,-12,214,50
fold3_room7_mix004.csv,3020,0,2,-41,-12,213,20
fold3_room7_mix004.csv,3065,0,2,-40,-12,215,45
fold3_room7_mix005.csv,50,0,1,-3,-14,169,40
fold3_room7_mix005.csv,95,0,1,-4,-15,162,80
fold3_room7_mix005.csv,180,0,2,-106,-19,231,5
fold3_room7_mix005.csv,200,0,2,-104,-20,229,10
fold3_room7_mix005.csv,215,0,1,-4,-15,163,25
fold3_room7_mix005.csv,245,0,2,-106,-20,226,20
fold3_room7_mix005.csv,270,0,2,-106,-20,226,20
fold3_room7_mix005.csv,300,0,1,-3,-15,164,10
fold3_room7_mix005.csv,320,0,2,-107,-19,230,85
fold3_room7_mix005.csv,410,0,2,-105,-20,229,70
fold3_room7_mix005.csv,490,0,2,-107,-19,228,20
fold3_room7_mix005.csv,525,0,2,-107,-19,231,5
fold3_room7_mix005.csv,540,0,2,-107,-19,228,50
fold3_room7_mix005.csv,595,0,2,-106,-19,230,20
fold3_room7_mix005.csv,625,0,2,-106,-20,223,55
fold3_room7_mix005.csv,690,0,2,-106,-19,232,20
fold3_room7_mix005.csv,720,0,1,-2,-15,165,15
fold3_room7_mix005.csv,750,0,2,-106,-19,229,85
fold3_room7_mix005.csv,840,0,2,-107,-19,231,10
fold3_room7_mix005.csv,855,0,1,-2,-16,163,5
fold3_room7_mix005.csv,865,0,2,-107,-20,229,80
fold3_room7_mix005.csv,950,0,2,-108,-19,229,25
fold3_room7_mix005.csv,995,0,2,-105,-19,230,30
fold3_room7_mix005.csv,1035,0,2,-107,-20,227,25
fold3_room7_mix005.csv,1075,0,1,-1,-15,165,30
fold3_room7_mix005.csv,1125,0,2,-106,-19,233,40
fold3_room7_mix005.csv,1175,0,2,-107,-20,223,20
fold3_room7_mix005.csv,1225,0,2,-107,-19,230,55
fold3_room7_mix005.csv,1285,0,2,-106,-19,233,30
fold3_room7_mix005.csv,1330,0,2,-106,-19,229,20
fold3_room7_mix005.csv,1360,0,2,-107,-19,230,25
fold3_room7_mix005.csv,1420,0,2,-105,-18,246,35
fold3_room7_mix005.csv,1465,0,2,-107,-19,237,45
fold3_room7_mix005.csv,1520,0,1,-4,-15,169,10
fold3_room7_mix005.csv,1540,0,2,-107,-19,236,20
fold3_room7_mix005.csv,1565,0,2,-106,-19,242,15
fold3_room7_mix005.csv,1595,0,1,-3,-15,166,20
fold3_room7_mix005.csv,1625,0,2,-108,-18,240,15
fold3_room7_mix005.csv,1655,0,1,-3,-16,162,5
fold3_room7_mix005.csv,1665,0,2,-108,-19,236,10
fold3_room7_mix005.csv,1685,0,2,-109,-19,236,20
fold3_room7_mix005.csv,1710,0,2,-107,-19,238,35
fold3_room7_mix005.csv,1760,0,2,-106,-19,240,20
fold3_room7_mix005.csv,1790,0,2,-106,-19,240,35
fold3_room7_mix005.csv,1835,0,2,-106,-18,242,5
fold3_room7_mix005.csv,1845,0,2,-106,-18,241,60
fold3_room7_mix005.csv,1915,0,2,-107,-19,234,80
fold3_room7_mix005.csv,2005,0,2,-108,-19,232,65
fold3_room7_mix005.csv,2075,0,2,-107,-19,232,15
fold3_room7_mix005.csv,2235,0,1,-6,-16,159,5
fold3_room7_mix005.csv,2250,0,1,-2,-16,162,20
fold3_room7_mix005.csv,2280,0,1,-2,-16,161,70
fold3_room7_mix005.csv,2355,0,1,-1,-17,156,80
fold3_room7_mix006.csv,40,0,2,-74,-12,237,25
fold3_room7_mix006.csv,70,0,2,-75,-11,241,55
fold3_room7_mix006.csv,135,0,1,-3,-14,183,70
fold3_room7_mix006.csv,230,0,2,-75,-12,233,80
fold3_room7_mix006.csv,315,0,2,-75,-12,237,70
fold3_room7_mix006.csv,390,0,2,-75,-11,237,75
fold3_room7_mix006.csv,475,0,2,-76,-11,237,45
fold3_room7_mix006.csv,525,0,1,-4,-14,187,15
fold3_room7_mix006.csv,570,0,2,-75,-12,236,35
fold3_room7_mix006.csv,615,0,2,-74,-12,235,15
fold3_room7_mix006.csv,2720,0,1,-3,-13,201,20
fold3_room7_mix006.csv,2755,0,1,-3,-13,202,10
fold3_room7_mix006.csv,2775,0,1,-4,-14,196,15
fold3_room7_mix006.csv,2800,0,1,-4,-14,197,20
fold3_room7_mix006.csv,2840,0,1,-4,-14,197,25
fold3_room7_mix006.csv,2870,0,2,-76,-12,235,5
fold3_room7_mix006.csv,2905,0,1,-4,-14,195,25
fold3_room7_mix006.csv,2935,0,1,-3,-13,200,15
fold3_room7_mix006.csv,2970,0,1,-4,-14,195,15
fold3_room7_mix006.csv,2990,0,2,-76,-12,235,20
fold3_room7_mix006.csv,3020,0,2,-76,-12,233,15
fold3_room7_mix006.csv,3040,0,1,-3,-14,197,5
fold3_room7_mix006.csv,3050,0,2,-76,-12,234,20
fold3_room7_mix006.csv,3085,0,1,-3,-13,198,40
fold3_room7_mix006.csv,3140,0,2,-76,-12,230,10
fold3_room7_mix006.csv,3160,0,1,-2,-13,196,25
fold3_room7_mix006.csv,3195,0,1,-2,-14,195,25
fold3_room7_mix006.csv,3250,0,1,-6,-16,184,15
fold3_room7_mix006.csv,3295,0,1,-5,-14,186,10
fold3_room9_mix001.csv,45,0,1,50,-10,202,55
fold3_room9_mix001.csv,110,0,1,52,-10,199,35
fold3_room9_mix001.csv,155,0,1,55,-9,209,55
fold3_room9_mix001.csv,215,0,2,49,-12,161,25
fold3_room9_mix001.csv,305,0,2,-21,-5,205,15
fold3_room9_mix001.csv,335,0,2,-21,-3,207,90
fold3_room9_mix001.csv,435,0,1,55,-11,196,75
fold3_room9_mix001.csv,515,0,2,-27,-3,207,15
fold3_room9_mix001.csv,535,0,2,-26,-3,205,10
fold3_room9_mix001.csv,565,0,1,55,-11,198,10
fold3_room9_mix001.csv,580,0,2,-26,-4,205,15
fold3_room9_mix001.csv,600,0,2,-25,-3,206,50
fold3_room9_mix001.csv,655,0,2,-26,-3,210,145
fold3_room9_mix001.csv,815,0,2,-27,-3,212,30
fold3_room9_mix001.csv,865,0,2,-27,-3,213,45
fold3_room9_mix001.csv,915,0,2,-33,-3,225,10
fold3_room9_mix001.csv,945,0,1,54,-10,199,30
fold3_room9_mix001.csv,980,0,2,-31,-3,221,75
fold3_room9_mix001.csv,1060,0,2,-31,-3,225,15
fold3_room9_mix001.csv,1090,0,1,54,-10,199,185
fold3_room9_mix001.csv,1520,0,1,51,-9,204,175
fold3_room9_mix001.csv,1705,0,1,51,-9,208,50
fold3_room9_mix002.csv,40,0,1,56,-9,214,45
fold3_room9_mix002.csv,90,0,2,-99,-10,261,65
fold3_room9_mix002.csv,160,0,1,53,-9,215,125
fold3_room9_mix002.csv,290,0,2,-99,-10,262,70
fold3_room9_mix002.csv,365,0,2,-99,-10,262,75
fold3_room9_mix002.csv,455,0,2,-99,-10,262,170
fold3_room9_mix002.csv,655,0,1,54,-10,216,5
fold3_room9_mix002.csv,665,0,2,-100,-10,259,10
fold3_room9_mix002.csv,960,0,2,-100,-10,247,10
fold3_room9_mix002.csv,980,0,2,-99,-10,258,40
fold3_room9_mix002.csv,1035,0,2,-99,-10,260,60
fold3_room9_mix002.csv,1105,0,2,-100,-9,262,20
fold3_room9_mix002.csv,1145,0,2,-99,-9,263,55
fold3_room9_mix002.csv,1210,0,2,-99,-9,263,70
fold3_room9_mix002.csv,1290,0,2,-99,-9,262,5
fold3_room9_mix002.csv,1310,0,2,-99,-9,263,20
fold3_room9_mix002.csv,1380,0,2,-99,-9,266,5
fold3_room9_mix002.csv,1390,0,1,53,-9,220,45
fold3_room9_mix002.csv,1445,0,2,-99,-9,264,50
fold3_room9_mix002.csv,1605,0,1,-72,1,226,20
fold3_room9_mix003.csv,45,0,1,97,-11,200,15
fold3_room9_mix003.csv,65,0,2,54,-13,209,10
fold3_room9_mix003.csv,85,0,1,96,-11,199,70
fold3_room9_mix003.csv,160,0,1,97,-11,199,20
fold3_room9_mix003.csv,185,0,1,96,-11,200,60
fold3_room9_mix003.csv,400,0,1,96,-9,199,25
fold3_room9_mix003.csv,530,0,1,100,-9,200,40
fold3_room9_mix003.csv,575,0,1,95,-9,196,15
fold3_room9_mix003.csv,600,0,2,56,-13,204,15
fold3_room9_mix003.csv,620,0,2,53,-13,212,50
fold3_room9_mix003.csv,710,0,2,51,-12,217,10
fold3_room9_mix003.csv,725,0,1,88,-11,217,55
fold3_room9_mix003.csv,785,0,2,57,-13,213,5
fold3_room9_mix003.csv,875,0,2,54,-13,209,15
fold3_room9_mix003.csv,900,0,1,97,-8,204,15
fold3_room9_mix003.csv,940,0,1,97,-8,202,30
fold3_room9_mix003.csv,975,0,1,97,-8,208,10
fold3_room9_mix003.csv,990,0,2,52,-12,216,40
fold3_room9_mix003.csv,1130,0,1,103,-8,210,25
fold3_room9_mix003.csv,1160,0,2,57,-17,188,25
fold3_room9_mix003.csv,1195,0,2,51,-13,216,10
fold3_room9_mix003.csv,1245,0,2,52,-12,218,10
fold3_room9_mix003.csv,1260,0,1,105,-9,201,20
fold3_room9_mix003.csv,1415,0,2,53,-13,213,5
fold3_room9_mix003.csv,1425,0,1,93,-10,201,5
fold3_room9_mix003.csv,1545,0,1,98,-8,202,35
fold3_room9_mix003.csv,1605,0,1,97,-10,190,5
fold3_room9_mix004.csv,45,0,1,97,-10,204,30
fold3_room9_mix004.csv,85,0,2,-62,-15,171,20
fold3_room9_mix004.csv,115,0,2,-59,-15,171,20
fold3_room9_mix004.csv,145,0,1,99,-11,200,5
fold3_room9_mix004.csv,155,0,1,99,-10,200,100
fold3_room9_mix004.csv,265,0,1,102,-13,182,30
fold3_room9_mix004.csv,300,0,1,97,-9,213,60
fold3_room9_mix004.csv,365,0,1,99,-8,222,85
fold3_room9_mix004.csv,455,0,2,-60,-15,172,40
fold3_room9_mix004.csv,500,0,2,-59,-15,172,85
fold3_room9_mix004.csv,590,0,2,-60,-15,171,35
fold3_room9_mix004.csv,635,0,2,-61,-15,164,55
fold3_room9_mix004.csv,710,0,1,99,-9,218,10
fold3_room9_mix004.csv,725,0,2,-60,-15,170,10
fold3_room9_mix004.csv,775,0,2,-60,-14,173,20
fold3_room9_mix004.csv,860,0,1,100,-9,219,70
fold3_room9_mix004.csv,935,0,1,95,-9,230,15
fold3_room9_mix004.csv,955,0,1,97,-9,233,5
fold3_room9_mix004.csv,965,0,2,-61,-14,173,60
fold3_room9_mix004.csv,1030,0,1,98,-8,225,10
fold3_room9_mix004.csv,1045,0,2,-60,-14,172,30
fold3_room9_mix004.csv,1105,0,2,-60,-14,175,30
fold3_room9_mix004.csv,1140,0,1,99,-9,222,10
fold3_room9_mix004.csv,1210,0,1,99,-9,223,35
fold3_room9_mix004.csv,1250,0,2,-60,-14,171,10
fold3_room9_mix004.csv,1265,0,1,100,-9,221,15
fold3_room9_mix004.csv,1290,0,2,-60,-14,171,35
fold3_room9_mix004.csv,1330,0,1,99,-9,221,45
fold3_room9_mix004.csv,1380,0,2,-60,-15,169,15
fold3_room9_mix004.csv,1400,0,1,99,-9,218,15
fold3_room9_mix005.csv,25,0,2,-69,-16,152,5
fold3_room9_mix005.csv,45,0,2,-68,-16,151,15
fold3_room9_mix005.csv,70,0,2,-68,-16,151,20
fold3_room9_mix005.csv,285,0,2,-69,-17,151,40
fold3_room9_mix005.csv,375,0,2,54,-9,162,15
fold3_room9_mix005.csv,535,0,2,42,-3,169,30
fold3_room9_mix005.csv,590,0,2,-31,-1,235,160
fold3_room9_mix005.csv,775,0,2,-38,-1,247,10
fold3_room9_mix005.csv,820,0,2,-37,-1,250,45
fold3_room9_mix005.csv,900,0,2,-37,-2,245,30
fold3_room9_mix005.csv,940,0,2,-37,-1,234,10
fold3_room9_mix005.csv,955,0,2,-38,-1,242,25
fold3_room9_mix005.csv,985,0,2,-35,-2,252,20
fold3_room9_mix005.csv,1020,0,2,-38,-1,243,20
fold3_room9_mix005.csv,1045,0,2,-38,-2,250,15
fold3_room9_mix005.csv,1080,0,2,-39,-1,248,15
fold3_room9_mix005.csv,1105,0,2,-39,-2,249,120
fold3_room9_mix005.csv,1260,0,2,-39,-1,241,210
fold3_room9_mix005.csv,1475,0,2,-37,-1,245,10
fold3_room9_mix005.csv,1495,0,2,-37,-1,199,20
fold3_room9_mix006.csv,750,0,1,50,-12,203,15
fold3_room9_mix006.csv,795,0,1,-18,-2,143,15
fold3_room9_mix006.csv,955,0,1,-78,-2,237,35
fold3_room9_mix006.csv,1070,0,1,-79,-2,243,15
fold3_room9_mix006.csv,1175,0,1,-78,-3,237,75
fold3_room9_mix006.csv,1355,0,1,-77,-1,257,25
fold3_room9_mix006.csv,1395,0,1,-67,-2,222,5
fold3_room9_mix007.csv,15,0,2,-77,-14,166,10
fold3_room9_mix007.csv,35,0,2,-78,-14,164,10
fold3_room9_mix007.csv,90,0,2,-77,-15,162,45
fold3_room9_mix007.csv,175,0,2,-77,-14,166,10
fold3_room9_mix007.csv,195,0,2,-76,-14,167,15
fold3_room9_mix007.csv,255,0,2,-76,-14,166,30
fold3_room9_mix007.csv,290,0,2,-76,-14,167,45
fold3_room9_mix007.csv,410,0,2,-76,-14,167,25
fold3_room9_mix007.csv,465,0,2,-73,-14,169,5
fold3_room9_mix007.csv,480,0,2,-72,-15,159,25
fold3_room9_mix007.csv,570,0,2,-71,-14,169,30
fold3_room9_mix007.csv,645,0,2,-71,-14,170,25
fold3_room9_mix007.csv,740,0,2,-74,-14,168,20
fold3_room9_mix007.csv,820,0,2,-73,-15,167,20
fold3_room9_mix007.csv,855,0,2,-74,-15,167,15
fold3_room9_mix007.csv,905,0,2,-73,-14,166,10
fold3_room9_mix007.csv,980,0,2,-73,-14,169,15
fold3_room9_mix007.csv,1060,0,2,-73,-14,170,40
fold3_room9_mix007.csv,1125,0,2,-74,-14,168,15
fold3_room9_mix007.csv,1150,0,2,-71,-14,167,10
fold3_room9_mix007.csv,1185,0,2,-71,-14,170,15
fold3_room9_mix007.csv,1270,0,2,-72,-14,170,15
fold3_room9_mix007.csv,1305,0,2,-72,-14,170,10
fold3_room9_mix007.csv,1330,0,2,-72,-15,163,10
fold3_room9_mix007.csv,1365,0,2,-74,-17,158,25
fold3_room9_mix007.csv,1425,0,2,-72,-14,170,55
fold3_room9_mix007.csv,1525,0,2,-74,-14,174,10
fold3_room9_mix007.csv,1540,0,2,-73,-14,170,15
fold3_room9_mix007.csv,1570,0,2,-72,-14,168,5
fold3_room9_mix008.csv,15,0,1,100,-12,219,5
fold3_room9_mix008.csv,30,0,1,101,-12,215,15
fold3_room9_mix008.csv,60,0,1,100,-12,213,20
fold3_room9_mix008.csv,100,0,1,101,-12,215,25
fold3_room9_mix008.csv,135,0,1,99,-12,217,25
fold3_room9_mix008.csv,170,0,1,99,-12,216,10
fold3_room9_mix008.csv,185,0,1,101,-12,218,10
fold3_room9_mix008.csv,205,0,1,99,-12,214,20
fold3_room9_mix008.csv,230,0,1,100,-12,214,30
fold3_room9_mix008.csv,290,0,1,100,-12,214,35
fold3_room9_mix008.csv,345,0,1,100,-12,222,20
fold3_room9_mix008.csv,385,0,1,100,-12,221,5
fold3_room9_mix008.csv,400,0,1,100,-12,217,30
fold3_room9_mix008.csv,435,0,1,99,-12,207,10
fold3_room9_mix008.csv,460,0,1,100,-12,214,10
fold3_room9_mix008.csv,480,0,1,99,-12,213,5
fold3_room9_mix008.csv,500,0,1,100,-12,213,15
fold3_room9_mix008.csv,540,0,1,100,-12,213,55
fold3_room9_mix008.csv,615,0,1,100,-12,219,75
fold3_room9_mix008.csv,700,0,1,101,-12,214,5
fold3_room9_mix008.csv,715,0,1,100,-12,217,15
fold3_room9_mix008.csv,735,0,1,99,-12,212,10
fold3_room9_mix008.csv,780,0,1,100,-12,212,5
fold3_room9_mix008.csv,885,0,1,100,-12,210,10
fold3_room9_mix008.csv,915,0,1,99,-12,211,30
fold3_room9_mix008.csv,965,0,1,100,-12,217,5
fold3_room9_mix008.csv,1005,0,1,99,-12,213,20
fold3_room9_mix008.csv,1035,0,1,99,-12,214,10
fold3_room9_mix008.csv,1065,0,1,99,-12,208,25
fold3_room9_mix008.csv,1110,0,1,99,-12,207,20
fold3_room9_mix008.csv,1190,0,1,99,-13,205,5
fold3_room9_mix008.csv,1230,0,1,100,-13,205,5
fold3_room9_mix008.csv,1295,0,1,100,-13,206,10
fold3_room9_mix008.csv,1320,0,1,100,-13,206,25
fold3_room9_mix008.csv,1370,0,1,100,-12,209,45
fold3_room9_mix008.csv,1425,0,1,101,-13,204,40
fold3_room9_mix008.csv,1480,0,1,99,-13,205,30
fold3_room9_mix008.csv,1520,0,1,98,-12,206,10
fold3_room9_mix008.csv,1550,0,1,100,-13,205,5
fold3_room9_mix008.csv,1595,0,1,99,-13,205,15
fold3_room9_mix008.csv,1725,0,1,99,-13,207,5
fold3_room9_mix008.csv,1760,0,1,99,-12,207,50
fold3_room9_mix008.csv,1820,0,1,98,-13,204,15
fold3_room9_mix008.csv,1860,0,1,98,-13,205,20
fold3_room9_mix008.csv,1915,0,1,98,-13,206,15
fold3_room9_mix008.csv,1990,0,1,99,-13,206,20
fold3_room9_mix008.csv,2015,0,1,99,-12,208,35
fold3_room9_mix008.csv,2070,0,1,103,-12,226,5
fold3_room9_mix008.csv,2105,0,1,101,-11,230,10
